tag,n_trials,sec,div,max_rhat,min_ess,v_Intercept,v_Intercept_sd,v_val,v_val_sd,v_tim,v_tim_sd,a,a_sd,z,z_sd,t,t_sd,sv,sv_sd,sa,sa_sd,st,st_sd,t0
subj_003_0001,141,174,0,1.0,529,1.144,0.479,0.068,0.042,-0.001,0.001,3.563,0.774,0.695,0.087,0.348,0.066,0.314,0.279,1.521,0.873,0.146,0.112,0.421
subj_003_0002,138,174,0,1.01,456,0.388,0.261,0.136,0.038,-0.002,0.001,3.912,0.488,0.558,0.08,0.914,0.165,0.244,0.208,1.34,0.837,1.346,0.554,1.5870000000000002
subj_003_0003,119,125,0,1.01,261,1.597,0.737,0.366,0.114,-0.016,0.004,4.481,0.751,0.722,0.069,0.764,0.066,1.06,0.457,1.481,0.894,0.554,0.176,1.041
subj_003_0004,141,136,0,1.0,484,0.395,0.354,0.338,0.085,-0.006,0.002,2.717,0.367,0.527,0.058,0.83,0.059,0.603,0.419,0.961,0.704,0.637,0.156,1.1485
subj_003_0005,141,133,0,1.0,444,1.668,0.614,0.377,0.09,-0.013,0.003,3.35,0.572,0.542,0.056,1.028,0.035,1.071,0.421,0.979,0.719,0.46,0.119,1.258
subj_003_0006,141,128,0,1.0,353,-0.609,0.372,0.532,0.125,-0.006,0.002,2.409,0.3,0.619,0.059,0.508,0.047,0.831,0.457,0.803,0.612,0.997,0.111,1.0065
subj_003_0007,141,154,0,1.01,301,0.871,0.583,0.153,0.063,-0.002,0.001,2.745,0.409,0.637,0.092,0.222,0.079,0.575,0.446,1.215,0.807,0.868,0.33,0.656
subj_003_0008,139,127,1,1.02,48,-0.843,0.387,0.17,0.057,-0.013,0.004,2.585,0.367,0.538,0.061,1.09,0.179,0.424,0.346,2.071,0.812,1.863,0.178,2.0215
subj_003_0009,141,144,0,1.01,461,0.421,0.276,0.258,0.067,-0.009,0.002,4.604,0.572,0.462,0.054,0.627,0.144,0.548,0.287,1.288,0.821,1.693,0.299,1.4735
subj_003_0010,141,143,0,1.01,209,0.42,0.474,0.369,0.094,-0.009,0.002,3.21,0.544,0.63,0.083,0.876,0.111,0.668,0.434,1.143,0.767,1.584,0.319,1.668
subj_003_0011,141,407,362,1.02,115,-0.14,0.392,0.192,0.061,-0.023,0.003,1.703,0.162,0.55,0.056,0.78,0.036,0.541,0.371,1.109,0.597,0.853,0.075,1.2065
subj_003_0012,141,132,0,1.0,674,-0.982,0.271,0.347,0.053,-0.003,0.001,2.749,0.244,0.713,0.044,0.773,0.052,0.289,0.221,0.782,0.577,0.655,0.121,1.1005
subj_003_0013,141,2415,379,1.78,7,-1.312,0.317,0.245,0.042,-0.022,0.002,1.843,0.155,0.551,0.045,0.728,0.033,0.297,0.239,1.871,0.416,0.895,0.058,1.1755
subj_003_0014,140,153,0,1.0,828,0.765,0.321,0.052,0.049,0.0,0.001,4.308,0.896,0.853,0.04,0.425,0.025,0.213,0.163,1.502,0.856,0.041,0.033,0.4455
subj_003_0015,140,260,0,1.0,559,0.225,0.196,0.234,0.039,-0.004,0.001,4.47,0.451,0.628,0.051,1.04,0.099,0.241,0.181,1.277,0.831,0.325,0.186,1.2025
subj_003_0016,140,194,0,1.0,287,1.299,0.572,0.043,0.042,-0.001,0.001,5.095,0.625,0.609,0.156,0.736,0.186,0.475,0.344,1.436,0.873,0.864,0.248,1.168
subj_003_0017,141,195,2,1.01,158,-1.423,0.621,0.188,0.067,-0.005,0.002,2.412,0.324,0.337,0.074,0.351,0.071,0.824,0.492,1.14,0.779,1.429,0.174,1.0655
subj_003_0018,141,220,0,1.0,743,0.455,0.169,0.12,0.026,-0.001,0.001,5.017,0.464,0.478,0.067,1.428,0.217,0.181,0.128,1.394,0.865,1.809,0.182,2.3325
subj_003_0019,141,277,0,1.01,411,2.504,0.877,0.007,0.089,-0.001,0.002,3.57,0.972,0.69,0.112,0.396,0.052,0.868,0.551,1.261,0.819,0.151,0.078,0.4715
subj_003_0020,141,143,0,1.0,458,0.469,0.53,0.395,0.092,-0.004,0.002,2.681,0.4,0.575,0.071,0.81,0.041,1.04,0.486,1.056,0.733,0.724,0.11,1.1720000000000002
subj_003_0021,141,178,1,1.01,315,0.106,0.371,0.403,0.113,-0.007,0.002,3.193,0.527,0.55,0.067,0.824,0.077,0.858,0.483,1.331,0.847,0.779,0.24,1.2135
subj_003_0022,140,180,6,1.01,476,1.251,0.636,0.173,0.073,-0.001,0.001,3.746,0.793,0.541,0.121,0.379,0.137,0.621,0.444,1.489,0.87,1.194,0.261,0.976
subj_003_0023,141,213,0,1.01,153,0.98,0.341,0.068,0.048,-0.002,0.001,2.38,0.736,0.775,0.055,0.366,0.018,0.224,0.186,1.428,0.856,0.084,0.04,0.408
subj_003_0024,141,184,1,1.01,438,0.415,0.385,0.333,0.096,-0.004,0.002,2.973,0.394,0.512,0.073,1.012,0.089,0.499,0.407,1.213,0.795,0.867,0.237,1.4455
subj_003_0025,141,166,0,1.0,886,-0.074,0.461,0.45,0.086,-0.018,0.003,3.235,0.378,0.599,0.046,0.975,0.047,1.647,0.25,1.544,0.873,0.396,0.085,1.173
subj_003_0026,141,157,0,1.01,438,-1.626,0.464,0.389,0.103,-0.005,0.001,2.749,0.288,0.537,0.038,0.891,0.077,0.662,0.402,0.838,0.651,0.377,0.27,1.0795
subj_003_0027,140,208,0,1.01,347,0.144,0.508,0.385,0.093,-0.006,0.002,2.176,0.288,0.576,0.083,0.878,0.058,0.601,0.451,1.558,0.831,0.86,0.132,1.308
subj_003_0028,141,155,0,1.01,565,-0.927,0.313,0.371,0.067,-0.008,0.002,1.996,0.165,0.541,0.035,1.2,0.038,0.514,0.356,0.576,0.449,0.154,0.119,1.277
subj_003_0029,140,191,0,1.0,454,0.475,0.362,0.265,0.085,-0.009,0.003,3.966,0.576,0.405,0.057,0.549,0.094,1.188,0.424,1.345,0.84,1.599,0.217,1.3485
subj_003_0030,141,174,0,1.01,497,2.062,0.751,0.224,0.075,-0.004,0.002,4.1,0.744,0.605,0.099,0.471,0.061,1.261,0.43,1.348,0.861,0.7,0.101,0.821
subj_003_0031,141,193,0,1.01,355,0.005,0.418,0.389,0.113,-0.006,0.002,2.586,0.329,0.611,0.067,1.044,0.058,0.846,0.499,0.899,0.687,0.763,0.171,1.4255
subj_003_0032,141,165,0,1.01,419,1.008,0.67,0.315,0.083,-0.005,0.002,2.828,0.505,0.719,0.084,0.425,0.059,0.706,0.458,1.19,0.798,0.87,0.098,0.86
subj_003_0033,141,168,0,1.0,694,0.108,0.297,0.136,0.04,-0.001,0.001,3.17,0.367,0.764,0.04,0.416,0.037,0.46,0.273,0.949,0.652,0.091,0.061,0.4614999999999999
subj_003_0034,141,177,5,1.0,334,0.81,0.534,0.252,0.09,-0.002,0.001,3.51,0.671,0.509,0.108,0.66,0.115,0.815,0.476,1.45,0.868,1.246,0.272,1.283
subj_003_0035,140,510,120,1.02,93,-0.522,0.384,0.103,0.06,-0.017,0.005,2.049,0.297,0.401,0.066,0.583,0.081,0.47,0.425,2.25,0.651,1.188,0.198,1.177
subj_003_0036,140,149,0,1.0,499,-0.222,0.34,0.266,0.069,-0.011,0.003,3.625,0.508,0.586,0.038,1.001,0.075,0.98,0.423,1.385,0.864,0.23,0.141,1.116
subj_003_0037,138,161,0,1.0,409,-0.444,0.395,0.072,0.059,-0.009,0.003,3.18,0.463,0.516,0.063,1.023,0.119,1.188,0.514,1.334,0.841,1.832,0.167,1.939
subj_003_0038,140,157,0,1.01,497,-0.494,0.224,0.334,0.072,-0.005,0.001,3.326,0.358,0.504,0.046,1.079,0.094,0.365,0.297,1.298,0.84,0.524,0.232,1.341
subj_003_0039,140,195,0,1.01,557,0.266,0.391,0.396,0.095,-0.007,0.002,3.05,0.474,0.551,0.06,0.913,0.054,1.088,0.407,1.058,0.746,0.492,0.156,1.159
subj_003_0040,141,142,2,1.03,153,-2.204,0.699,0.371,0.109,-0.009,0.004,2.903,0.396,0.424,0.055,1.009,0.079,0.679,0.447,1.406,0.845,1.002,0.283,1.5099999999999998
subj_003_0041,140,214,0,1.01,386,-0.107,0.297,0.225,0.056,-0.003,0.001,3.104,0.372,0.635,0.063,0.873,0.084,0.45,0.332,1.072,0.763,0.667,0.219,1.2065
subj_003_0042,141,142,0,1.01,525,-1.002,0.331,0.731,0.118,-0.007,0.002,2.817,0.293,0.634,0.056,0.551,0.024,0.378,0.295,1.228,0.792,1.099,0.094,1.1005
subj_003_0043,140,3148,0,2.61,2,-0.903,0.26,0.319,0.051,-0.024,0.001,1.815,0.074,0.657,0.01,1.308,0.051,0.434,0.244,0.818,0.348,0.81,0.093,1.713
subj_003_0044,141,122,0,1.0,545,-1.712,0.515,0.73,0.137,-0.014,0.003,2.134,0.262,0.532,0.066,1.275,0.038,1.155,0.459,1.229,0.796,1.526,0.06,2.038
subj_003_0045,141,362,1,1.01,487,1.963,0.657,0.096,0.057,-0.0,0.001,4.017,0.965,0.558,0.141,0.159,0.089,0.542,0.398,1.57,0.872,0.433,0.196,0.3755
subj_003_0046,141,243,0,1.0,318,3.07,1.178,-0.02,0.063,0.002,0.002,4.026,1.064,0.625,0.154,0.341,0.073,0.898,0.504,1.414,0.827,0.222,0.092,0.452
subj_003_0047,141,255,0,1.0,578,-0.586,0.321,0.519,0.112,-0.008,0.002,2.786,0.322,0.599,0.062,0.756,0.072,0.637,0.37,1.176,0.782,1.277,0.12,1.3945
subj_003_0048,141,251,1,1.01,375,0.854,0.454,0.108,0.044,-0.002,0.001,3.981,0.566,0.624,0.093,0.232,0.107,0.34,0.344,1.55,0.881,0.7,0.462,0.582
subj_003_0049,141,374,0,1.01,184,-0.232,0.24,0.234,0.068,-0.002,0.001,3.645,0.445,0.696,0.066,0.401,0.094,0.411,0.309,1.169,0.774,0.649,0.469,0.7255
subj_003_0050,141,268,1,1.0,432,1.124,0.596,0.163,0.08,-0.001,0.001,4.183,0.785,0.623,0.132,0.421,0.135,0.543,0.381,1.485,0.864,0.903,0.43,0.8725
subj_003_0051,141,238,0,1.01,515,-0.454,0.386,0.378,0.087,-0.006,0.002,2.698,0.33,0.745,0.048,0.453,0.058,0.842,0.4,0.953,0.685,1.064,0.089,0.985
subj_003_0052,139,200,0,1.01,309,0.258,0.372,0.309,0.095,-0.006,0.002,4.197,0.62,0.468,0.06,0.57,0.124,0.827,0.43,1.578,0.84,0.847,0.361,0.9935
subj_003_0053,140,256,0,1.0,611,0.67,0.375,0.196,0.062,-0.009,0.003,4.014,0.582,0.52,0.049,0.851,0.106,0.806,0.365,1.461,0.854,0.795,0.285,1.2485
subj_003_0054,141,178,0,1.0,485,-1.182,0.468,0.582,0.11,-0.01,0.002,1.999,0.215,0.656,0.056,1.012,0.041,0.789,0.471,1.148,0.761,0.899,0.077,1.4615
subj_003_0055,141,258,0,1.0,734,1.013,0.393,0.072,0.041,-0.002,0.001,2.653,0.334,0.68,0.061,0.341,0.04,0.287,0.25,0.964,0.708,0.194,0.082,0.438
subj_003_0056,140,229,0,1.0,451,1.361,0.554,0.206,0.064,-0.005,0.002,3.033,0.507,0.523,0.081,0.91,0.076,0.614,0.414,1.212,0.789,0.408,0.186,1.114
subj_003_0057,141,215,0,1.01,353,0.639,0.451,0.459,0.119,-0.009,0.003,3.425,0.516,0.56,0.06,0.87,0.067,0.667,0.419,1.447,0.86,0.377,0.2,1.0585
subj_003_0058,138,229,0,1.0,331,0.143,0.192,0.157,0.043,-0.002,0.001,4.018,0.474,0.454,0.058,0.473,0.151,0.355,0.262,1.274,0.807,1.756,0.256,1.351
subj_003_0059,140,129,0,1.0,534,-2.805,0.728,0.308,0.08,-0.005,0.002,2.602,0.355,0.543,0.067,1.152,0.066,0.755,0.45,1.007,0.718,0.928,0.17,1.616
subj_003_0060,140,256,3,1.01,595,1.819,0.742,0.103,0.058,-0.003,0.001,4.4,0.792,0.576,0.129,0.393,0.126,0.708,0.39,1.51,0.871,0.812,0.25,0.799
subj_003_0061,140,239,0,1.0,488,-0.558,0.33,0.445,0.12,-0.004,0.001,2.933,0.407,0.538,0.062,0.711,0.066,0.809,0.428,1.014,0.733,0.728,0.237,1.075
subj_003_0062,141,182,0,1.0,455,-0.721,0.414,0.461,0.12,-0.013,0.004,3.027,0.439,0.51,0.053,0.83,0.069,1.228,0.457,1.509,0.88,0.774,0.193,1.217
subj_003_0063,140,230,0,1.01,334,-1.142,0.392,0.458,0.098,-0.011,0.002,2.717,0.348,0.697,0.059,0.935,0.065,0.77,0.456,1.152,0.786,1.846,0.106,1.858
subj_003_0064,140,135,0,1.01,480,0.732,0.454,0.351,0.105,-0.004,0.001,2.868,0.473,0.555,0.085,0.868,0.068,0.655,0.427,1.243,0.812,0.763,0.152,1.2495
subj_003_0066,138,261,0,1.01,418,0.295,0.407,0.31,0.077,-0.009,0.002,4.167,0.662,0.599,0.051,0.805,0.08,1.002,0.406,1.412,0.853,0.354,0.186,0.982
subj_003_0067,140,228,1,1.01,415,-0.547,0.264,0.472,0.124,-0.007,0.002,4.264,0.543,0.459,0.046,0.712,0.106,0.559,0.324,1.38,0.847,0.677,0.407,1.0505
subj_003_0068,139,3318,0,2.23,3,2.72,1.636,0.431,0.176,-0.008,0.004,5.223,0.924,0.467,0.217,0.111,0.094,0.602,0.312,1.386,0.632,1.844,0.251,1.033
subj_003_0069,141,357,1,1.02,83,0.448,0.415,0.175,0.076,-0.003,0.001,2.292,0.262,0.727,0.058,0.41,0.045,0.403,0.399,0.882,0.674,0.642,0.253,0.731
subj_003_0070,141,277,0,1.01,437,-0.317,0.213,0.224,0.046,-0.002,0.001,3.213,0.316,0.636,0.057,0.377,0.112,0.253,0.227,1.086,0.753,1.515,0.211,1.1345
subj_003_0071,141,226,0,1.01,376,-0.379,0.275,0.274,0.062,-0.002,0.001,3.101,0.362,0.617,0.058,0.519,0.077,0.486,0.329,1.111,0.74,0.487,0.227,0.7625
subj_003_0072,137,172,0,1.01,409,-0.814,0.309,0.426,0.094,-0.008,0.002,2.877,0.334,0.588,0.047,0.831,0.058,0.681,0.389,1.343,0.83,0.558,0.16,1.11
subj_003_0073,141,216,0,1.01,421,0.493,0.486,0.231,0.063,-0.004,0.002,2.946,0.468,0.593,0.091,0.885,0.101,0.588,0.436,1.222,0.786,1.84,0.186,1.805
subj_003_0074,141,173,0,1.0,570,0.008,0.299,0.496,0.087,-0.007,0.001,3.144,0.383,0.664,0.06,0.628,0.048,0.41,0.305,1.083,0.779,0.671,0.102,0.9635
subj_003_0075,141,143,0,1.01,337,-0.123,0.404,0.329,0.091,-0.012,0.003,3.417,0.483,0.604,0.054,0.893,0.087,1.226,0.38,1.296,0.854,1.035,0.25,1.4105
subj_003_0076,141,218,0,1.01,377,0.153,0.516,0.578,0.134,-0.01,0.002,2.674,0.436,0.512,0.08,0.843,0.063,1.307,0.454,1.69,0.836,0.927,0.118,1.3065
subj_003_0077,141,272,1,1.0,635,1.508,0.529,0.263,0.065,-0.005,0.001,4.152,0.727,0.633,0.111,0.656,0.08,0.512,0.371,1.529,0.856,0.463,0.174,0.8875000000000001
subj_003_0078,140,354,3,1.02,358,1.311,0.745,0.166,0.055,-0.001,0.001,4.448,0.859,0.591,0.166,0.528,0.142,0.575,0.426,1.511,0.877,0.509,0.267,0.7825
subj_003_0079,141,330,1,1.01,345,2.331,0.968,0.191,0.1,-0.0,0.002,3.309,1.127,0.71,0.124,0.397,0.046,0.649,0.456,1.527,0.858,0.222,0.097,0.508
subj_003_0080,138,235,0,1.01,906,-0.226,0.206,0.118,0.034,-0.007,0.001,3.196,0.252,0.546,0.038,0.703,0.102,0.274,0.219,1.683,0.866,0.431,0.213,0.9185
subj_003_0081,141,345,1,1.01,236,0.924,0.525,0.107,0.047,-0.001,0.001,3.367,0.521,0.61,0.115,0.228,0.09,0.483,0.359,1.319,0.828,0.434,0.377,0.445
subj_003_0082,141,280,0,1.0,908,0.555,0.197,0.208,0.036,-0.007,0.001,3.65,0.325,0.526,0.042,1.158,0.094,0.194,0.149,1.47,0.882,0.402,0.221,1.359
subj_003_0083,141,196,0,1.0,387,-1.224,0.33,0.412,0.08,-0.004,0.001,2.352,0.241,0.64,0.054,0.822,0.061,0.451,0.324,0.792,0.612,0.749,0.183,1.1965
subj_003_0084,141,281,0,1.0,402,0.837,0.463,0.176,0.041,-0.003,0.001,3.817,0.555,0.631,0.066,0.571,0.042,0.464,0.344,1.126,0.785,0.463,0.153,0.8025
subj_003_0085,141,192,0,1.01,485,-0.838,0.355,0.68,0.13,-0.005,0.002,3.431,0.505,0.723,0.056,0.735,0.054,0.747,0.41,1.198,0.8,0.996,0.084,1.233
subj_003_0086,141,384,0,1.01,311,2.455,1.002,0.043,0.059,-0.001,0.001,4.153,0.963,0.625,0.156,0.315,0.093,0.822,0.477,1.459,0.858,0.211,0.133,0.4205
subj_003_0087,141,220,0,1.01,456,0.16,0.382,0.266,0.055,-0.003,0.001,3.577,0.513,0.652,0.069,0.794,0.074,0.525,0.351,1.356,0.869,0.458,0.125,1.023
subj_003_0088,141,578,79,1.0,397,-0.996,0.358,0.318,0.073,-0.018,0.004,2.665,0.325,0.626,0.06,0.92,0.083,0.61,0.428,1.896,0.816,1.582,0.172,1.711
subj_003_0089,141,210,0,1.01,363,-0.504,0.431,0.044,0.041,-0.004,0.001,2.579,0.315,0.295,0.072,0.741,0.072,0.466,0.407,1.32,0.8,0.924,0.157,1.203
subj_003_0090,140,204,0,1.01,478,0.572,0.39,0.363,0.087,-0.006,0.001,2.975,0.451,0.568,0.076,1.124,0.063,0.58,0.386,1.177,0.785,0.527,0.215,1.3875000000000002
subj_003_0091,141,196,0,1.0,401,0.104,0.32,0.215,0.063,-0.007,0.002,2.64,0.282,0.415,0.05,0.826,0.07,0.754,0.423,1.351,0.822,0.634,0.21,1.143
subj_003_0092,141,181,0,1.01,378,0.677,0.55,0.208,0.057,-0.003,0.001,3.286,0.538,0.669,0.087,0.73,0.08,0.536,0.412,1.399,0.843,0.924,0.166,1.192
subj_003_0093,141,208,0,1.0,486,0.763,0.476,0.266,0.065,-0.006,0.001,2.371,0.314,0.682,0.065,0.822,0.035,0.528,0.406,0.983,0.704,0.471,0.108,1.0575
subj_003_0094,136,264,0,1.0,516,0.086,0.206,0.153,0.048,-0.006,0.002,3.985,0.411,0.497,0.045,1.243,0.16,0.422,0.297,1.249,0.805,0.985,0.559,1.7355
subj_003_0095,140,220,0,1.01,454,-0.547,0.307,0.284,0.092,-0.007,0.002,4.048,0.521,0.565,0.051,0.812,0.132,0.644,0.358,1.336,0.855,1.717,0.303,1.6705
subj_003_0096,131,242,4,1.0,222,-0.729,0.395,0.347,0.121,-0.011,0.005,2.783,0.345,0.54,0.053,1.114,0.079,0.858,0.495,1.211,0.825,0.712,0.364,1.4700000000000002
subj_003_0097,140,273,0,1.01,362,0.341,0.305,0.289,0.064,-0.005,0.001,3.142,0.418,0.529,0.056,0.941,0.08,0.497,0.363,1.341,0.837,0.271,0.156,1.0765
subj_003_0098,139,214,0,1.01,333,-0.461,0.377,0.481,0.134,-0.012,0.003,3.908,0.622,0.442,0.056,0.634,0.1,1.083,0.432,1.46,0.879,1.427,0.194,1.3475
subj_003_0100,141,261,0,1.01,605,-0.113,0.275,0.565,0.089,-0.01,0.002,3.535,0.385,0.686,0.057,0.802,0.052,0.283,0.224,1.478,0.855,1.018,0.1,1.311
subj_003_0102,140,258,0,1.01,587,0.231,0.324,0.485,0.104,-0.006,0.001,2.945,0.458,0.466,0.063,0.76,0.071,0.528,0.376,1.303,0.803,0.7,0.19,1.11
subj_003_0103,139,237,0,1.01,438,-0.463,0.308,0.42,0.082,-0.009,0.002,3.01,0.393,0.61,0.044,0.854,0.054,0.652,0.398,1.645,0.856,0.331,0.124,1.0195
subj_003_0104,140,284,0,1.01,486,0.923,0.469,0.217,0.054,-0.005,0.001,4.635,0.644,0.595,0.09,0.697,0.111,0.565,0.328,1.367,0.851,0.654,0.265,1.024
subj_003_0105,141,268,27,1.01,466,0.032,0.312,0.152,0.056,-0.019,0.004,2.326,0.223,0.438,0.057,0.823,0.055,0.467,0.344,1.425,0.828,1.177,0.177,1.4115
subj_003_0106,141,1289,1,1.02,259,-0.743,0.435,0.357,0.113,-0.015,0.004,3.008,0.387,0.478,0.053,1.079,0.078,1.12,0.497,1.322,0.83,1.246,0.352,1.702
subj_003_0107,141,205,1,1.0,438,-1.066,0.43,0.385,0.089,-0.014,0.003,2.169,0.248,0.542,0.056,0.884,0.039,0.823,0.48,1.901,0.741,0.717,0.102,1.2425
subj_003_0108,141,268,0,1.0,718,-0.195,0.273,0.329,0.07,-0.004,0.001,2.921,0.325,0.686,0.057,0.654,0.056,0.362,0.272,1.177,0.786,1.102,0.139,1.205
subj_003_0109,141,211,0,1.0,635,-1.507,0.516,0.401,0.103,-0.011,0.003,2.279,0.276,0.524,0.053,0.866,0.051,1.165,0.475,1.231,0.811,0.702,0.119,1.217
subj_003_0110,141,387,2,1.01,446,2.504,0.856,0.077,0.063,-0.001,0.001,3.427,1.113,0.464,0.132,0.575,0.134,0.627,0.478,1.493,0.852,0.428,0.219,0.7889999999999999
subj_003_0111,141,252,0,1.01,458,0.869,0.569,0.309,0.098,-0.009,0.002,3.876,0.67,0.696,0.063,0.935,0.063,0.787,0.443,1.268,0.823,0.676,0.186,1.273
subj_003_0112,140,285,0,1.01,627,-0.139,0.25,0.384,0.1,-0.006,0.002,3.528,0.488,0.522,0.05,1.203,0.076,0.549,0.349,1.26,0.825,0.599,0.215,1.5025
subj_003_0113,139,273,0,1.01,409,0.037,0.307,0.441,0.082,-0.009,0.002,3.46,0.492,0.537,0.048,1.015,0.066,0.554,0.362,1.344,0.812,0.325,0.129,1.1775
subj_003_0114,139,323,0,1.01,424,0.688,0.413,0.158,0.056,-0.003,0.001,4.441,0.622,0.631,0.091,0.34,0.124,0.546,0.341,1.405,0.856,0.655,0.395,0.6675
subj_003_0115,140,270,0,1.01,529,-0.439,0.245,0.295,0.078,-0.005,0.002,3.965,0.605,0.561,0.051,0.703,0.078,0.648,0.343,1.018,0.765,1.67,0.211,1.5379999999999998
subj_003_0116,141,213,0,1.01,554,-1.059,0.421,0.611,0.127,-0.013,0.003,2.266,0.293,0.653,0.052,0.879,0.031,0.966,0.468,0.917,0.648,0.597,0.076,1.1775
subj_003_0117,141,248,0,1.01,437,0.748,0.611,0.135,0.053,0.0,0.001,3.84,0.879,0.819,0.081,0.395,0.048,0.428,0.347,1.416,0.838,0.351,0.07,0.5705
subj_003_0118,141,284,1,1.01,313,1.198,0.584,0.183,0.066,-0.003,0.001,3.184,0.566,0.507,0.086,0.82,0.081,0.802,0.466,1.204,0.825,0.724,0.208,1.182
subj_003_0119,141,194,2,1.0,536,1.8,0.741,0.164,0.064,-0.002,0.001,4.108,0.914,0.56,0.145,0.46,0.116,0.759,0.435,1.543,0.863,0.368,0.258,0.644
subj_003_0120,141,358,0,1.01,176,1.891,0.776,0.05,0.057,-0.0,0.001,3.797,0.917,0.542,0.153,0.171,0.089,0.714,0.479,1.631,0.868,0.366,0.291,0.354
subj_003_0121,141,290,0,1.0,376,0.536,0.359,0.128,0.039,0.0,0.001,4.243,0.668,0.691,0.088,0.333,0.093,0.295,0.239,1.496,0.849,0.307,0.224,0.4865
subj_003_0122,141,268,0,1.01,362,0.959,0.612,0.271,0.074,-0.009,0.002,2.239,0.297,0.717,0.067,1.04,0.036,0.69,0.452,0.91,0.685,1.257,0.08,1.6685
subj_003_0123,141,253,0,1.01,727,0.017,0.421,0.416,0.083,-0.004,0.001,3.502,0.532,0.782,0.052,0.255,0.057,0.523,0.37,1.312,0.84,1.015,0.085,0.7625
subj_003_0124,141,266,0,1.0,289,1.172,0.734,0.319,0.091,-0.002,0.002,3.212,0.7,0.761,0.097,0.477,0.052,0.926,0.505,1.404,0.849,0.58,0.106,0.7669999999999999
subj_003_0125,140,249,0,1.01,432,0.163,0.322,0.322,0.09,-0.008,0.002,2.999,0.453,0.567,0.06,0.966,0.081,0.672,0.434,1.132,0.762,0.981,0.19,1.4565
subj_003_0126,141,287,0,1.03,118,-0.09,0.276,0.32,0.074,-0.003,0.001,3.199,0.4,0.718,0.062,0.71,0.059,0.317,0.269,1.253,0.819,1.334,0.223,1.377
subj_003_0127,140,343,1,1.01,638,2.112,0.662,0.081,0.055,-0.0,0.001,4.286,0.93,0.601,0.142,0.189,0.09,0.454,0.361,1.591,0.878,0.391,0.225,0.3845
subj_003_0128,141,255,0,1.0,639,-0.484,0.269,0.335,0.068,-0.009,0.002,2.58,0.269,0.596,0.047,1.076,0.065,0.471,0.346,1.311,0.832,0.835,0.163,1.4935
subj_003_0129,141,203,0,1.0,567,0.711,0.439,0.305,0.088,-0.008,0.002,3.731,0.599,0.544,0.067,1.23,0.09,0.792,0.401,1.197,0.812,1.085,0.252,1.7725
subj_003_0130,141,297,2,1.02,78,-0.235,0.549,0.514,0.161,-0.012,0.003,2.204,0.254,0.668,0.078,0.989,0.064,0.969,0.532,1.442,0.782,0.847,0.14,1.4125
subj_003_0131,140,183,1,1.01,536,0.05,0.463,0.333,0.11,-0.001,0.001,3.459,0.548,0.622,0.09,0.559,0.101,1.141,0.508,1.249,0.835,1.71,0.18,1.414
subj_003_0132,141,344,9,1.0,484,2.121,0.786,0.078,0.065,-0.002,0.001,4.552,0.837,0.552,0.135,0.173,0.105,0.678,0.441,1.574,0.856,1.46,0.226,0.903
subj_003_0133,141,195,1,1.01,424,1.348,0.608,0.432,0.111,-0.012,0.003,2.659,0.417,0.533,0.076,0.886,0.052,1.062,0.491,1.154,0.779,0.948,0.125,1.36
subj_003_0134,140,316,0,1.01,602,-0.146,0.206,0.29,0.058,-0.002,0.001,4.204,0.454,0.541,0.065,0.687,0.137,0.294,0.203,1.227,0.82,1.538,0.296,1.456
subj_003_0135,140,217,0,1.0,413,0.267,0.303,0.207,0.055,-0.003,0.001,3.583,0.478,0.614,0.077,0.385,0.13,0.384,0.297,1.165,0.787,1.779,0.203,1.2745
subj_003_0136,141,306,0,1.01,473,-0.116,0.317,0.565,0.129,-0.009,0.002,2.808,0.367,0.442,0.068,1.244,0.094,0.553,0.387,1.5,0.844,1.377,0.167,1.9325
subj_003_0137,141,208,0,1.0,514,-0.413,0.279,0.489,0.078,-0.006,0.001,3.149,0.283,0.623,0.068,0.989,0.067,0.254,0.198,1.334,0.838,1.527,0.176,1.7525
subj_003_0138,141,283,0,1.01,256,0.027,0.367,0.355,0.099,-0.009,0.002,3.262,0.497,0.591,0.059,0.824,0.069,1.076,0.411,1.165,0.801,0.863,0.186,1.2555
subj_003_0139,141,156,0,1.01,252,-0.668,0.381,0.62,0.191,-0.012,0.004,2.975,0.461,0.546,0.067,0.829,0.078,0.922,0.498,1.499,0.863,1.081,0.333,1.3695
subj_003_0140,140,364,4,1.01,313,2.121,0.771,0.112,0.055,-0.004,0.001,4.463,0.801,0.564,0.14,0.978,0.126,0.679,0.391,1.521,0.877,0.524,0.198,1.24
subj_003_0141,141,209,8,1.01,303,1.463,0.614,0.04,0.042,0.0,0.001,4.452,0.79,0.458,0.127,0.294,0.163,0.451,0.4,1.57,0.872,0.906,0.495,0.747
subj_003_0142,141,248,0,1.0,601,-1.431,0.48,0.267,0.08,0.007,0.003,3.172,0.423,0.572,0.061,0.491,0.081,1.273,0.448,1.181,0.788,1.212,0.203,1.097
subj_003_0143,138,209,0,1.02,209,0.524,0.247,0.123,0.043,-0.002,0.001,3.523,0.421,0.607,0.076,0.984,0.127,0.232,0.223,1.206,0.776,0.897,0.437,1.4325
subj_003_0144,140,276,0,1.01,512,0.115,0.202,0.104,0.036,-0.006,0.001,3.099,0.296,0.557,0.058,1.105,0.124,0.248,0.231,1.676,0.881,1.143,0.416,1.6765
subj_003_0145,141,190,4,1.0,440,0.553,0.507,0.258,0.07,0.003,0.002,3.418,0.639,0.533,0.109,0.639,0.087,0.774,0.445,1.431,0.829,0.637,0.159,0.9575
subj_003_0146,141,305,28,1.01,464,2.949,0.882,0.037,0.063,-0.003,0.001,4.451,0.868,0.452,0.158,0.687,0.153,0.824,0.456,1.535,0.859,0.746,0.261,1.06
subj_003_0147,141,187,0,1.01,486,-0.479,0.326,0.374,0.071,-0.006,0.001,2.417,0.26,0.654,0.063,0.545,0.051,0.501,0.373,1.492,0.829,0.806,0.09,0.948
subj_003_0148,141,245,0,1.01,460,0.018,0.274,0.254,0.058,-0.005,0.001,3.065,0.346,0.644,0.062,0.523,0.085,0.522,0.325,1.244,0.804,1.618,0.158,1.332
subj_003_0149,141,193,1,1.0,665,0.494,0.442,0.591,0.109,-0.01,0.002,2.788,0.357,0.653,0.068,0.88,0.04,0.551,0.363,1.349,0.817,0.694,0.083,1.227
subj_003_0150,140,285,2,1.01,159,-0.084,0.347,0.489,0.181,-0.011,0.004,3.434,0.568,0.573,0.066,1.058,0.118,0.722,0.469,1.379,0.866,1.35,0.552,1.733
subj_003_0151,141,223,0,1.01,678,-0.497,0.235,0.264,0.058,-0.002,0.001,3.203,0.308,0.625,0.063,0.792,0.116,0.308,0.247,1.369,0.841,1.722,0.29,1.653
subj_003_0152,141,263,0,1.01,486,0.48,0.334,0.263,0.07,-0.004,0.001,3.333,0.436,0.572,0.079,0.526,0.107,0.433,0.324,1.344,0.836,1.386,0.234,1.219
subj_003_0153,141,177,0,1.0,524,-0.527,0.439,0.531,0.119,-0.012,0.003,2.637,0.353,0.465,0.055,0.869,0.036,1.061,0.421,0.923,0.697,0.659,0.131,1.1985
subj_003_0154,141,1541,0,1.01,455,-1.349,0.458,0.567,0.12,-0.016,0.004,2.83,0.351,0.647,0.06,1.236,0.054,1.132,0.428,1.437,0.845,1.27,0.12,1.871
subj_003_0155,140,222,0,1.01,660,-0.046,0.219,0.151,0.033,-0.003,0.001,3.098,0.271,0.648,0.049,0.653,0.084,0.267,0.233,1.634,0.838,0.539,0.236,0.9225
subj_003_0156,141,228,0,1.0,301,-0.635,0.305,0.359,0.079,-0.004,0.001,2.386,0.263,0.695,0.071,0.46,0.058,0.428,0.375,1.484,0.839,1.593,0.095,1.2565
subj_003_0157,138,232,0,1.0,809,-0.543,0.213,0.197,0.043,-0.003,0.001,3.047,0.289,0.513,0.048,0.691,0.125,0.298,0.259,1.416,0.845,1.619,0.287,1.5005
subj_003_0158,141,293,1,1.01,382,1.949,0.673,-0.001,0.059,0.002,0.002,3.778,1.127,0.786,0.102,0.347,0.031,0.442,0.379,1.434,0.86,0.121,0.051,0.4075
subj_003_0159,141,274,0,1.01,406,1.414,0.577,0.065,0.051,-0.001,0.001,3.755,0.922,0.772,0.077,0.401,0.042,0.405,0.344,1.413,0.869,0.159,0.061,0.4805
subj_003_0160,140,305,1,1.01,315,1.208,0.735,0.137,0.056,-0.002,0.001,3.845,0.753,0.712,0.122,0.516,0.081,0.552,0.422,1.567,0.873,0.387,0.207,0.7095
subj_003_0161,141,152,4,1.05,49,-0.421,0.558,0.451,0.141,-0.011,0.004,1.944,0.328,0.513,0.073,0.8,0.051,1.27,0.501,1.543,0.743,0.96,0.271,1.28
subj_003_0163,141,343,0,1.0,342,-2.177,0.582,0.586,0.125,-0.014,0.003,2.13,0.227,0.484,0.057,0.663,0.041,0.914,0.449,1.116,0.75,0.853,0.159,1.0895
subj_003_0164,141,274,1,1.01,336,1.272,0.645,0.284,0.095,-0.003,0.001,3.72,0.801,0.57,0.126,0.449,0.11,0.816,0.469,1.422,0.825,0.881,0.238,0.8895
subj_003_0165,141,256,0,1.03,71,0.232,0.453,0.399,0.145,-0.006,0.002,2.53,0.365,0.647,0.071,0.713,0.066,0.58,0.434,1.052,0.756,1.077,0.254,1.2515
subj_003_0166,140,245,0,1.0,444,0.523,0.276,0.18,0.043,-0.007,0.001,3.292,0.407,0.587,0.047,0.836,0.074,0.439,0.289,0.996,0.71,0.328,0.192,1.0
subj_003_0167,141,230,0,1.01,638,1.507,0.584,0.33,0.08,-0.007,0.002,2.151,0.311,0.539,0.078,0.772,0.036,0.595,0.436,0.973,0.725,0.576,0.079,1.06
subj_003_0168,141,273,0,1.01,146,1.334,0.753,0.215,0.096,-0.003,0.001,2.904,0.541,0.667,0.099,0.384,0.066,0.817,0.512,1.428,0.834,1.143,0.223,0.9555
subj_003_0169,141,241,0,1.03,176,-0.606,0.268,0.447,0.098,-0.007,0.001,2.784,0.257,0.631,0.06,0.67,0.075,0.3,0.23,1.364,0.841,1.312,0.242,1.326
subj_003_0170,141,266,0,1.02,339,0.425,0.363,0.408,0.096,-0.007,0.002,3.45,0.597,0.54,0.058,0.675,0.06,0.714,0.402,1.087,0.774,0.475,0.174,0.9125
subj_003_0171,141,321,0,1.01,491,1.443,0.476,0.024,0.034,0.0,0.001,4.358,0.853,0.602,0.119,0.407,0.128,0.306,0.267,1.479,0.857,0.319,0.232,0.5665
subj_003_0172,141,372,1,1.01,554,3.127,0.688,0.019,0.05,-0.002,0.001,4.185,0.974,0.501,0.153,0.233,0.108,0.364,0.301,1.664,0.873,0.391,0.217,0.4285
subj_003_0173,141,322,6,1.0,754,3.85,0.811,0.235,0.089,-0.004,0.002,4.465,0.958,0.428,0.157,0.413,0.125,0.373,0.302,1.473,0.865,0.691,0.132,0.7585
subj_003_0174,141,262,0,1.01,540,0.646,0.534,0.402,0.096,-0.006,0.002,2.722,0.434,0.623,0.079,0.628,0.046,0.812,0.464,1.041,0.723,0.686,0.079,0.971
subj_003_0175,140,226,0,1.01,371,-0.332,0.39,0.394,0.1,-0.004,0.002,2.43,0.355,0.595,0.073,0.768,0.06,0.806,0.498,1.406,0.842,0.692,0.138,1.114
subj_003_0176,141,255,0,1.01,420,-0.983,0.312,0.437,0.082,-0.005,0.001,2.681,0.266,0.642,0.056,0.463,0.082,0.284,0.234,1.802,0.817,1.087,0.206,1.0065
subj_003_0177,140,223,0,1.01,316,-0.036,0.437,0.4,0.135,-0.004,0.002,3.06,0.44,0.615,0.078,1.167,0.067,1.158,0.495,1.449,0.856,1.595,0.213,1.9645
subj_003_0178,141,236,0,1.01,456,-0.286,0.48,0.543,0.125,-0.007,0.002,2.585,0.372,0.618,0.067,0.973,0.046,1.071,0.508,1.041,0.737,0.544,0.1,1.245
subj_003_0179,141,250,0,1.0,603,0.362,0.333,0.278,0.071,-0.004,0.001,3.276,0.476,0.632,0.071,0.248,0.075,0.462,0.314,1.205,0.791,0.986,0.286,0.741
subj_003_0180,141,340,1,1.01,536,1.566,0.684,0.125,0.057,0.0,0.001,3.953,0.961,0.619,0.138,0.262,0.096,0.43,0.361,1.665,0.879,0.435,0.206,0.4795
subj_003_0181,141,246,0,1.01,487,0.112,0.28,0.263,0.07,-0.007,0.002,3.59,0.557,0.512,0.045,0.764,0.058,0.686,0.412,1.191,0.781,0.449,0.184,0.9885
subj_003_0182,140,181,0,1.01,504,-0.66,0.272,0.53,0.115,-0.009,0.002,3.501,0.476,0.569,0.063,0.977,0.081,0.481,0.348,1.336,0.833,1.555,0.176,1.7545
subj_003_0183,141,229,0,1.0,655,-0.19,0.558,0.616,0.115,-0.009,0.002,1.822,0.224,0.626,0.082,1.003,0.034,0.786,0.505,1.352,0.746,1.191,0.043,1.5985
subj_003_0184,141,212,126,1.04,65,2.689,1.181,0.128,0.08,-0.001,0.002,4.349,1.033,0.519,0.177,0.38,0.157,0.855,0.542,1.421,0.91,1.94,0.061,1.35
subj_003_0185,141,264,0,1.0,604,0.522,0.376,0.372,0.082,-0.007,0.002,3.37,0.427,0.588,0.067,0.687,0.073,0.403,0.322,1.506,0.864,0.747,0.194,1.0605
subj_003_0186,141,221,0,1.01,508,-0.167,0.403,0.417,0.088,-0.012,0.003,3.402,0.482,0.654,0.042,0.837,0.054,1.038,0.398,1.187,0.805,0.448,0.122,1.061
subj_003_0187,141,258,0,1.01,413,0.526,0.285,0.183,0.039,-0.003,0.001,3.548,0.398,0.608,0.064,1.28,0.093,0.293,0.24,1.288,0.817,1.008,0.194,1.784
subj_003_0188,141,292,0,1.01,320,0.916,0.526,0.13,0.06,-0.0,0.001,4.087,0.731,0.592,0.113,0.281,0.125,0.673,0.42,1.396,0.87,0.835,0.433,0.6985
subj_003_0189,141,210,0,1.0,543,0.022,0.268,0.201,0.058,-0.006,0.002,3.08,0.382,0.537,0.05,0.574,0.091,0.617,0.385,1.639,0.841,0.659,0.184,0.9035
subj_003_0190,141,260,0,1.01,498,0.545,0.544,0.336,0.081,-0.004,0.001,2.385,0.342,0.667,0.071,0.499,0.054,0.632,0.45,1.01,0.727,0.782,0.124,0.89
subj_003_0191,141,196,9,1.02,358,1.235,0.647,0.108,0.058,0.0,0.001,3.817,0.783,0.527,0.119,0.327,0.153,0.575,0.435,1.447,0.866,1.467,0.268,1.0605
subj_003_0192,141,318,0,1.0,732,1.054,0.261,0.028,0.03,-0.001,0.001,4.602,0.736,0.705,0.068,0.247,0.087,0.163,0.131,1.512,0.895,0.118,0.095,0.306
subj_003_0193,141,2617,7,2.05,3,-0.344,0.335,0.265,0.082,-0.02,0.007,2.693,0.382,0.454,0.042,0.96,0.139,1.341,0.569,1.572,0.614,1.511,0.427,1.7155
subj_003_0194,141,267,0,1.0,565,0.286,0.401,0.345,0.081,-0.009,0.002,3.925,0.526,0.636,0.069,1.095,0.104,0.445,0.345,1.567,0.899,1.104,0.282,1.647
subj_003_0195,141,227,0,1.0,521,-0.186,0.429,0.332,0.092,-0.01,0.002,2.669,0.333,0.611,0.056,1.038,0.057,1.352,0.411,1.256,0.794,0.913,0.166,1.4945
subj_003_0196,141,216,6,1.01,697,2.436,0.784,0.116,0.075,0.0,0.002,2.879,0.64,0.422,0.101,0.487,0.077,1.168,0.457,1.451,0.835,0.634,0.146,0.804
subj_003_0197,141,267,0,1.0,381,-0.938,0.374,0.549,0.152,-0.007,0.002,3.353,0.534,0.484,0.061,0.505,0.078,1.024,0.466,1.404,0.839,0.881,0.274,0.9455
subj_003_0198,141,216,0,1.01,692,-0.07,0.204,0.2,0.042,-0.002,0.001,3.325,0.315,0.577,0.06,0.337,0.103,0.269,0.224,1.327,0.85,0.76,0.258,0.7170000000000001
subj_003_0199,140,284,0,1.01,268,0.457,0.536,0.323,0.111,-0.003,0.001,3.654,0.692,0.611,0.098,0.395,0.119,0.773,0.474,1.307,0.822,1.227,0.201,1.0085000000000002
subj_003_0200,141,210,0,1.05,78,0.28,0.364,0.28,0.103,-0.005,0.002,3.549,0.529,0.552,0.061,1.153,0.089,0.557,0.415,1.183,0.793,0.364,0.443,1.335
subj_003_0201,141,274,0,1.01,448,0.658,0.606,0.288,0.079,-0.004,0.001,3.707,0.713,0.744,0.078,0.886,0.069,0.807,0.454,1.314,0.821,0.924,0.132,1.348
subj_003_0202,141,3596,9,2.22,3,3.047,1.236,0.307,0.123,-0.006,0.003,4.814,0.986,0.339,0.152,0.794,0.196,1.41,0.536,1.901,0.713,1.533,0.584,1.5605
subj_003_0203,140,251,1,1.0,445,0.094,0.669,0.321,0.109,0.005,0.003,2.562,0.761,0.858,0.049,0.361,0.013,0.614,0.44,1.682,0.86,0.559,0.016,0.6405000000000001
subj_003_0204,141,286,0,1.02,182,0.012,0.486,0.494,0.135,-0.011,0.003,2.461,0.352,0.586,0.073,0.963,0.051,1.25,0.451,1.044,0.76,1.137,0.272,1.5315
subj_003_0205,141,289,0,1.0,430,-0.492,0.234,0.358,0.07,-0.003,0.001,3.082,0.304,0.602,0.062,0.643,0.099,0.334,0.249,1.095,0.74,1.826,0.164,1.556
subj_003_0206,141,350,1,1.01,297,0.251,0.343,0.319,0.102,-0.003,0.001,3.162,0.416,0.622,0.082,0.529,0.073,0.362,0.311,1.271,0.793,0.737,0.405,0.8975
subj_003_0207,141,253,0,1.01,420,-1.515,0.533,0.404,0.112,-0.014,0.003,2.805,0.367,0.577,0.056,1.136,0.069,1.193,0.477,1.165,0.792,1.356,0.254,1.814
subj_003_0208,141,397,0,1.01,472,1.515,0.545,0.097,0.042,-0.002,0.001,3.825,0.858,0.61,0.114,0.524,0.101,0.401,0.325,1.436,0.883,0.216,0.149,0.632
subj_003_0209,140,322,0,1.0,949,-0.138,0.154,0.178,0.03,-0.004,0.001,3.622,0.283,0.502,0.047,0.808,0.145,0.156,0.121,1.465,0.86,1.677,0.3,1.6465
subj_003_0210,141,287,0,1.0,426,-1.672,0.469,0.644,0.144,-0.006,0.002,3.262,0.435,0.585,0.05,0.78,0.058,1.132,0.413,1.316,0.861,0.454,0.138,1.007
subj_003_0211,140,328,0,1.0,782,1.546,0.442,-0.001,0.035,-0.0,0.001,4.977,0.642,0.546,0.117,0.265,0.167,0.297,0.251,1.64,0.875,1.595,0.372,1.0625
subj_003_0212,141,359,0,1.03,129,0.375,0.411,0.246,0.1,-0.005,0.002,2.413,0.261,0.663,0.066,0.382,0.052,0.5,0.423,1.124,0.776,1.233,0.267,0.9985
subj_003_0213,141,254,0,1.0,466,-0.1,0.368,0.501,0.1,-0.006,0.002,2.348,0.274,0.599,0.069,0.519,0.044,0.655,0.412,1.257,0.792,0.826,0.091,0.932
subj_003_0214,140,319,8,1.01,498,-0.552,0.33,0.472,0.135,-0.004,0.001,4.476,0.638,0.398,0.063,0.803,0.139,0.865,0.377,1.42,0.85,1.788,0.232,1.697
subj_003_0216,140,304,0,1.01,386,0.321,0.351,0.269,0.108,-0.006,0.002,3.065,0.446,0.55,0.065,0.583,0.104,0.601,0.455,1.518,0.845,1.203,0.508,1.1845
subj_003_0217,141,420,0,1.01,423,2.185,0.696,0.005,0.059,-0.0,0.001,3.756,1.089,0.77,0.094,0.606,0.035,0.506,0.415,1.414,0.859,0.1,0.058,0.656
