tag,n_trials,sec,div,max_rhat,min_ess,v_Intercept,v_Intercept_sd,v_val,v_val_sd,v_tim,v_tim_sd,a,a_sd,z,z_sd,t,t_sd,t0
subj_003_0001,141,24,0,1.0,402,0.99,0.257,0.064,0.038,-0.001,0.001,3.449,0.806,0.691,0.064,0.389,0.039,0.389
subj_003_0002,138,17,0,1.0,809,0.406,0.151,0.101,0.023,-0.001,0.0,4.191,0.325,0.506,0.05,1.075,0.109,1.075
subj_003_0003,119,14,0,1.0,692,0.926,0.302,0.208,0.041,-0.009,0.001,3.703,0.395,0.653,0.051,0.824,0.045,0.824
subj_003_0004,141,16,0,1.0,922,0.478,0.208,0.233,0.034,-0.004,0.001,2.946,0.167,0.455,0.038,0.884,0.021,0.884
subj_003_0005,141,16,0,1.0,1028,1.305,0.285,0.228,0.037,-0.008,0.001,3.069,0.2,0.442,0.041,1.045,0.014,1.045
subj_003_0006,141,15,0,1.0,755,-0.078,0.177,0.267,0.031,-0.003,0.001,2.856,0.17,0.485,0.042,0.533,0.031,0.533
subj_003_0007,141,15,0,1.01,695,0.76,0.225,0.089,0.031,-0.001,0.001,2.95,0.225,0.55,0.052,0.281,0.051,0.281
subj_003_0008,139,15,0,1.0,769,-0.579,0.173,0.094,0.025,-0.004,0.001,3.156,0.162,0.537,0.035,1.175,0.058,1.175
subj_003_0009,141,18,0,1.0,920,0.214,0.134,0.158,0.023,-0.005,0.001,4.452,0.294,0.479,0.035,0.893,0.095,0.893
subj_003_0010,141,17,0,1.01,898,0.271,0.177,0.188,0.028,-0.005,0.001,3.578,0.248,0.572,0.045,0.958,0.062,0.958
subj_003_0011,141,13,0,1.0,1065,-0.185,0.233,0.092,0.033,-0.008,0.001,2.274,0.104,0.554,0.034,0.85,0.011,0.85
subj_003_0012,141,17,0,1.01,493,-0.609,0.185,0.279,0.032,-0.003,0.001,2.998,0.178,0.613,0.036,0.823,0.039,0.823
subj_003_0013,141,13,0,1.01,567,-0.858,0.243,0.124,0.034,-0.006,0.001,2.304,0.121,0.528,0.041,0.777,0.036,0.777
subj_003_0014,140,16,0,1.0,679,0.713,0.285,0.047,0.045,0.001,0.001,4.31,0.915,0.858,0.037,0.443,0.016,0.443
subj_003_0015,140,18,0,1.0,944,0.192,0.149,0.217,0.033,-0.004,0.001,4.313,0.324,0.611,0.043,1.13,0.066,1.13
subj_003_0016,140,18,0,1.01,888,1.076,0.187,0.028,0.025,-0.001,0.001,5.204,0.53,0.567,0.069,0.778,0.122,0.778
subj_003_0017,141,15,0,1.0,947,-0.818,0.187,0.093,0.026,-0.002,0.001,2.908,0.153,0.434,0.042,0.406,0.045,0.406
subj_003_0018,141,19,0,1.01,930,0.496,0.13,0.092,0.019,-0.001,0.0,5.521,0.301,0.403,0.05,1.502,0.193,1.502
subj_003_0019,141,20,0,1.0,582,2.488,0.376,-0.066,0.048,-0.001,0.001,3.823,1.047,0.706,0.091,0.428,0.038,0.428
subj_003_0020,141,15,0,1.0,1051,0.542,0.223,0.216,0.037,-0.002,0.001,2.785,0.164,0.429,0.042,0.836,0.015,0.836
subj_003_0021,141,14,0,1.0,1023,0.047,0.177,0.239,0.031,-0.004,0.001,3.075,0.193,0.535,0.039,0.923,0.041,0.923
subj_003_0022,140,18,0,1.0,489,1.251,0.253,0.075,0.027,-0.0,0.001,4.662,0.669,0.437,0.077,0.291,0.141,0.291
subj_003_0023,141,13,0,1.01,566,1.007,0.3,0.07,0.047,-0.002,0.001,2.134,0.326,0.721,0.042,0.374,0.012,0.374
subj_003_0024,141,17,0,1.01,864,0.347,0.207,0.204,0.035,-0.003,0.001,3.097,0.217,0.502,0.048,1.14,0.056,1.14
subj_003_0025,141,15,0,1.01,739,-0.042,0.197,0.21,0.035,-0.009,0.001,2.543,0.157,0.564,0.031,1.041,0.036,1.041
subj_003_0026,141,15,0,1.01,1140,-1.183,0.202,0.281,0.032,-0.004,0.001,2.559,0.132,0.533,0.03,0.998,0.034,0.998
subj_003_0027,140,15,0,1.01,595,0.348,0.223,0.223,0.035,-0.003,0.001,2.639,0.174,0.47,0.042,0.896,0.044,0.896
subj_003_0028,141,13,0,1.0,1187,-0.826,0.27,0.317,0.04,-0.007,0.001,1.944,0.097,0.542,0.03,1.246,0.018,1.246
subj_003_0029,140,18,0,1.0,860,0.242,0.134,0.104,0.021,-0.004,0.001,3.824,0.188,0.443,0.033,0.626,0.036,0.626
subj_003_0030,141,17,0,1.0,572,1.311,0.333,0.115,0.038,-0.002,0.001,3.67,0.585,0.495,0.071,0.475,0.069,0.475
subj_003_0031,141,16,0,1.01,956,0.061,0.203,0.222,0.033,-0.003,0.001,2.692,0.162,0.558,0.04,1.118,0.034,1.118
subj_003_0032,141,16,0,1.0,692,1.133,0.3,0.14,0.037,-0.003,0.001,3.056,0.31,0.504,0.062,0.372,0.054,0.372
subj_003_0033,141,15,0,1.0,914,0.002,0.214,0.119,0.033,-0.001,0.001,2.908,0.235,0.762,0.031,0.456,0.018,0.456
subj_003_0034,141,17,0,1.01,944,0.572,0.166,0.129,0.026,-0.001,0.001,3.523,0.239,0.463,0.047,0.813,0.075,0.813
subj_003_0035,140,13,0,1.0,593,-0.479,0.189,0.057,0.029,-0.005,0.001,2.654,0.14,0.446,0.037,0.589,0.037,0.589
subj_003_0036,140,15,0,1.0,978,-0.293,0.203,0.178,0.031,-0.007,0.001,2.986,0.158,0.594,0.03,1.077,0.045,1.077
subj_003_0037,138,16,0,1.0,1000,-0.197,0.135,0.035,0.021,-0.003,0.001,3.234,0.147,0.489,0.034,1.164,0.054,1.164
subj_003_0038,140,17,0,1.0,792,-0.434,0.165,0.275,0.029,-0.004,0.001,3.332,0.197,0.514,0.035,1.195,0.051,1.195
subj_003_0039,140,14,0,1.01,941,0.069,0.211,0.245,0.036,-0.004,0.001,2.673,0.159,0.537,0.04,0.998,0.032,0.998
subj_003_0040,141,16,0,1.0,661,-1.252,0.215,0.205,0.031,-0.004,0.001,2.961,0.164,0.446,0.034,1.148,0.051,1.148
subj_003_0041,140,18,0,1.0,916,-0.037,0.181,0.169,0.03,-0.002,0.001,3.144,0.186,0.59,0.039,0.968,0.043,0.968
subj_003_0042,141,16,0,1.01,913,-0.237,0.183,0.343,0.034,-0.003,0.001,3.282,0.207,0.504,0.038,0.558,0.019,0.558
subj_003_0043,140,14,0,1.01,627,-0.555,0.214,0.192,0.034,-0.009,0.001,2.263,0.115,0.585,0.031,1.331,0.027,1.331
subj_003_0044,141,16,0,1.0,634,-0.71,0.199,0.284,0.032,-0.005,0.001,2.886,0.178,0.521,0.032,1.287,0.05,1.287
subj_003_0045,141,21,0,1.0,672,1.846,0.319,0.057,0.036,-0.0,0.001,4.346,0.876,0.513,0.1,0.151,0.074,0.151
subj_003_0046,141,21,0,1.01,635,2.43,0.392,-0.012,0.044,0.001,0.001,4.048,0.978,0.615,0.108,0.355,0.054,0.355
subj_003_0047,141,17,0,1.0,906,-0.168,0.171,0.257,0.03,-0.004,0.001,3.219,0.193,0.517,0.038,0.847,0.037,0.847
subj_003_0048,141,17,0,1.0,697,0.707,0.182,0.086,0.027,-0.001,0.001,4.006,0.416,0.591,0.058,0.329,0.081,0.329
subj_003_0049,141,18,0,1.0,658,-0.192,0.158,0.181,0.028,-0.001,0.001,3.567,0.236,0.664,0.039,0.515,0.045,0.515
subj_003_0050,141,17,0,1.0,560,1.115,0.27,0.085,0.031,-0.001,0.001,4.583,0.715,0.533,0.083,0.408,0.117,0.408
subj_003_0051,141,18,0,1.01,866,-0.055,0.19,0.189,0.03,-0.003,0.001,2.838,0.161,0.617,0.038,0.524,0.031,0.524
subj_003_0052,139,19,0,1.01,935,0.059,0.164,0.192,0.027,-0.003,0.001,3.684,0.219,0.474,0.038,0.73,0.072,0.73
subj_003_0053,140,19,0,1.0,817,0.367,0.173,0.127,0.027,-0.006,0.001,3.501,0.232,0.505,0.033,1.041,0.077,1.041
subj_003_0054,141,15,0,1.0,1136,-0.462,0.23,0.299,0.037,-0.005,0.001,2.491,0.142,0.552,0.035,1.019,0.025,1.019
subj_003_0055,141,15,0,1.01,435,1.026,0.274,0.069,0.035,-0.002,0.001,2.622,0.248,0.629,0.047,0.371,0.034,0.371
subj_003_0056,140,16,0,1.01,614,1.035,0.264,0.154,0.034,-0.004,0.001,2.847,0.232,0.506,0.055,1.007,0.059,1.007
subj_003_0057,141,17,0,1.0,733,0.312,0.207,0.328,0.038,-0.006,0.001,3.055,0.219,0.568,0.047,0.964,0.038,0.964
subj_003_0058,138,18,0,1.0,877,0.103,0.126,0.111,0.02,-0.002,0.0,4.246,0.241,0.473,0.039,0.721,0.109,0.721
subj_003_0059,140,16,0,1.01,887,-2.112,0.279,0.214,0.034,-0.003,0.001,2.801,0.149,0.607,0.036,1.31,0.033,1.31
subj_003_0060,140,19,0,1.0,497,1.547,0.356,0.045,0.034,-0.002,0.001,4.521,0.714,0.503,0.095,0.42,0.16,0.42
subj_003_0061,140,18,0,1.0,901,-0.29,0.187,0.27,0.034,-0.002,0.001,2.875,0.174,0.52,0.04,0.815,0.039,0.815
subj_003_0062,141,14,0,1.0,590,-0.502,0.198,0.235,0.032,-0.007,0.001,2.744,0.158,0.553,0.04,0.967,0.05,0.967
subj_003_0063,140,18,0,1.0,714,-0.443,0.171,0.199,0.029,-0.005,0.001,3.212,0.171,0.585,0.033,1.038,0.042,1.038
subj_003_0064,140,16,0,1.0,787,0.796,0.211,0.196,0.032,-0.003,0.001,3.141,0.264,0.454,0.055,0.875,0.054,0.875
subj_003_0066,138,18,0,1.0,1011,-0.067,0.171,0.209,0.039,-0.005,0.001,3.332,0.211,0.615,0.035,0.919,0.045,0.919
subj_003_0067,140,18,0,1.0,929,-0.416,0.15,0.334,0.032,-0.005,0.001,3.853,0.247,0.466,0.035,0.868,0.061,0.868
subj_003_0068,139,19,0,1.0,709,0.72,0.192,0.106,0.026,-0.002,0.001,4.352,0.435,0.579,0.066,0.242,0.09,0.242
subj_003_0069,141,15,0,1.0,558,0.642,0.22,0.109,0.034,-0.002,0.001,2.495,0.172,0.597,0.045,0.433,0.03,0.433
subj_003_0070,141,20,0,1.0,1002,-0.125,0.148,0.163,0.023,-0.001,0.001,3.771,0.233,0.554,0.042,0.467,0.067,0.467
subj_003_0071,141,16,0,1.0,955,-0.307,0.183,0.213,0.033,-0.002,0.001,3.05,0.174,0.602,0.038,0.618,0.043,0.618
subj_003_0072,137,16,0,1.01,710,-0.573,0.206,0.297,0.036,-0.005,0.001,2.808,0.169,0.555,0.033,0.928,0.042,0.928
subj_003_0073,141,18,0,1.0,716,0.373,0.169,0.123,0.024,-0.002,0.0,3.496,0.236,0.521,0.048,0.968,0.078,0.968
subj_003_0074,141,18,0,1.0,955,0.274,0.193,0.312,0.035,-0.004,0.001,3.223,0.239,0.526,0.048,0.638,0.036,0.638
subj_003_0075,141,15,0,1.01,644,-0.103,0.19,0.153,0.032,-0.006,0.001,2.963,0.159,0.593,0.039,1.089,0.053,1.089
subj_003_0076,141,19,0,1.0,635,0.094,0.208,0.244,0.036,-0.004,0.001,2.797,0.191,0.509,0.039,0.911,0.049,0.911
subj_003_0077,141,16,0,1.0,509,1.307,0.265,0.2,0.034,-0.004,0.001,3.893,0.607,0.558,0.08,0.697,0.058,0.697
subj_003_0078,140,21,0,1.0,583,0.977,0.256,0.125,0.031,-0.001,0.001,4.372,0.765,0.59,0.085,0.604,0.087,0.604
subj_003_0079,141,22,0,1.01,622,2.584,0.447,0.126,0.049,-0.0,0.001,3.693,1.088,0.613,0.118,0.373,0.039,0.373
subj_003_0080,138,15,0,1.0,1088,-0.185,0.161,0.098,0.024,-0.006,0.001,3.197,0.161,0.543,0.032,0.798,0.055,0.798
subj_003_0081,141,19,0,1.0,651,0.698,0.231,0.085,0.031,-0.001,0.001,3.16,0.287,0.595,0.062,0.318,0.056,0.318
subj_003_0082,141,17,0,1.01,851,0.53,0.167,0.182,0.028,-0.007,0.001,3.638,0.256,0.514,0.036,1.253,0.062,1.253
subj_003_0083,141,16,0,1.0,843,-0.826,0.201,0.301,0.032,-0.003,0.001,2.578,0.152,0.582,0.045,0.928,0.04,0.928
subj_003_0084,141,19,0,1.01,827,0.779,0.206,0.152,0.03,-0.003,0.001,3.703,0.294,0.534,0.046,0.588,0.022,0.588
subj_003_0085,141,18,0,1.0,817,-0.214,0.173,0.312,0.031,-0.002,0.001,3.301,0.231,0.561,0.047,0.759,0.039,0.759
subj_003_0086,141,20,0,1.0,616,1.755,0.362,0.028,0.044,-0.001,0.001,4.075,0.957,0.684,0.085,0.386,0.043,0.386
subj_003_0087,141,19,0,1.0,950,0.132,0.18,0.209,0.031,-0.002,0.001,3.397,0.225,0.596,0.045,0.848,0.043,0.848
subj_003_0088,141,15,0,1.0,732,-0.562,0.181,0.166,0.028,-0.006,0.001,2.915,0.157,0.534,0.032,1.117,0.056,1.117
subj_003_0089,141,16,0,1.0,735,-0.573,0.184,0.037,0.026,-0.002,0.001,2.841,0.155,0.409,0.039,0.792,0.041,0.792
subj_003_0090,140,19,0,1.01,909,0.506,0.205,0.255,0.036,-0.004,0.001,2.945,0.225,0.523,0.046,1.192,0.041,1.192
subj_003_0091,141,16,0,1.0,1235,0.037,0.189,0.146,0.029,-0.005,0.001,2.647,0.118,0.435,0.03,0.94,0.028,0.94
subj_003_0092,141,19,0,1.01,833,0.707,0.222,0.134,0.031,-0.002,0.001,3.389,0.277,0.524,0.057,0.771,0.068,0.771
subj_003_0093,141,15,0,1.01,859,0.797,0.255,0.204,0.038,-0.004,0.001,2.467,0.195,0.563,0.049,0.864,0.033,0.864
subj_003_0094,136,19,0,1.0,823,0.073,0.14,0.116,0.024,-0.005,0.001,3.825,0.231,0.477,0.031,1.487,0.079,1.487
subj_003_0095,140,18,0,1.01,1004,-0.248,0.14,0.147,0.022,-0.004,0.0,3.949,0.214,0.54,0.032,1.056,0.077,1.056
subj_003_0096,131,12,0,1.0,1011,-0.51,0.218,0.208,0.036,-0.006,0.001,2.648,0.149,0.546,0.032,1.247,0.039,1.247
subj_003_0097,140,19,0,1.0,733,0.238,0.187,0.235,0.034,-0.004,0.001,2.937,0.185,0.537,0.042,1.021,0.043,1.021
subj_003_0098,139,17,0,1.0,1039,-0.186,0.155,0.207,0.025,-0.005,0.001,3.592,0.211,0.468,0.033,0.795,0.06,0.795
subj_003_0100,141,19,0,1.01,928,0.327,0.181,0.278,0.031,-0.005,0.001,3.731,0.269,0.524,0.046,0.806,0.05,0.806
subj_003_0102,140,16,0,1.0,821,0.344,0.187,0.32,0.038,-0.004,0.001,3.071,0.203,0.433,0.04,0.862,0.034,0.862
subj_003_0103,139,18,0,1.01,439,-0.411,0.196,0.321,0.035,-0.006,0.001,2.843,0.172,0.58,0.033,0.91,0.04,0.91
subj_003_0104,140,19,0,1.0,721,0.609,0.195,0.167,0.03,-0.003,0.001,4.262,0.382,0.569,0.055,0.817,0.08,0.817
subj_003_0105,141,17,0,1.01,1145,-0.029,0.181,0.071,0.027,-0.007,0.001,2.718,0.119,0.461,0.032,0.937,0.021,0.937
subj_003_0106,141,16,0,1.01,1071,-0.387,0.172,0.166,0.027,-0.007,0.001,2.942,0.151,0.512,0.032,1.233,0.041,1.233
subj_003_0107,141,14,0,1.01,676,-0.645,0.217,0.216,0.032,-0.007,0.001,2.526,0.136,0.536,0.036,0.927,0.034,0.927
subj_003_0108,141,20,0,1.01,601,0.202,0.171,0.195,0.028,-0.003,0.001,3.361,0.244,0.513,0.046,0.66,0.058,0.66
subj_003_0109,141,13,0,1.0,592,-0.815,0.208,0.206,0.033,-0.006,0.001,2.354,0.114,0.529,0.033,0.939,0.035,0.939
subj_003_0110,141,25,0,1.01,487,2.347,0.385,0.043,0.033,-0.001,0.001,4.323,0.96,0.438,0.112,0.513,0.124,0.513
subj_003_0111,141,18,0,1.01,733,0.6,0.215,0.194,0.039,-0.005,0.001,3.457,0.288,0.622,0.044,1.03,0.049,1.03
subj_003_0112,140,19,0,1.0,733,-0.074,0.167,0.272,0.034,-0.005,0.001,3.408,0.227,0.513,0.038,1.317,0.063,1.317
subj_003_0113,139,17,0,1.0,811,-0.002,0.198,0.345,0.035,-0.007,0.001,3.226,0.217,0.53,0.04,1.089,0.042,1.089
subj_003_0114,139,17,0,1.0,937,0.438,0.18,0.109,0.027,-0.002,0.001,4.013,0.314,0.628,0.048,0.504,0.072,0.504
subj_003_0115,140,21,0,1.0,822,-0.199,0.124,0.175,0.022,-0.003,0.001,4.244,0.215,0.506,0.035,0.751,0.031,0.751
subj_003_0116,141,14,0,1.01,315,-0.448,0.222,0.331,0.04,-0.007,0.001,2.519,0.156,0.552,0.038,0.887,0.026,0.887
subj_003_0117,141,24,0,1.01,560,1.134,0.334,0.098,0.045,0.0,0.001,4.085,0.92,0.714,0.071,0.38,0.036,0.38
subj_003_0118,141,17,0,1.0,896,0.948,0.225,0.11,0.03,-0.002,0.001,3.167,0.212,0.45,0.042,0.888,0.036,0.888
subj_003_0119,141,22,0,1.01,523,1.232,0.329,0.115,0.037,-0.001,0.001,3.764,0.867,0.591,0.086,0.557,0.075,0.557
subj_003_0120,141,18,10,1.01,365,1.475,0.304,0.034,0.038,-0.0,0.001,3.817,0.937,0.559,0.106,0.22,0.074,0.22
subj_003_0121,141,15,0,1.0,620,0.481,0.205,0.114,0.032,0.0,0.001,4.08,0.597,0.672,0.057,0.401,0.056,0.401
subj_003_0122,141,19,0,1.0,621,0.915,0.227,0.129,0.032,-0.005,0.001,2.844,0.205,0.507,0.048,1.029,0.052,1.029
subj_003_0123,141,16,0,1.0,879,0.196,0.192,0.213,0.038,-0.002,0.001,3.43,0.327,0.654,0.051,0.3,0.044,0.3
subj_003_0124,141,19,0,1.01,455,1.171,0.31,0.172,0.043,-0.002,0.001,3.212,0.658,0.591,0.075,0.454,0.039,0.454
subj_003_0125,140,17,0,1.0,907,0.214,0.173,0.201,0.031,-0.005,0.001,3.229,0.183,0.506,0.034,1.07,0.022,1.07
subj_003_0126,141,20,0,1.01,763,0.289,0.164,0.188,0.027,-0.002,0.001,3.583,0.267,0.521,0.049,0.699,0.063,0.699
subj_003_0127,140,20,0,1.01,699,2.015,0.32,0.052,0.033,-0.0,0.001,4.418,0.827,0.53,0.107,0.176,0.082,0.176
subj_003_0128,141,15,0,1.0,1015,-0.232,0.169,0.229,0.031,-0.006,0.001,2.816,0.161,0.521,0.032,1.164,0.035,1.164
subj_003_0129,141,22,0,1.0,951,0.406,0.183,0.177,0.027,-0.004,0.001,3.59,0.239,0.514,0.044,1.344,0.06,1.344
subj_003_0130,141,15,0,1.0,725,0.043,0.243,0.231,0.038,-0.006,0.001,2.495,0.151,0.596,0.039,1.028,0.027,1.028
subj_003_0131,140,20,0,1.0,850,0.017,0.157,0.128,0.027,-0.0,0.001,3.393,0.226,0.59,0.045,0.707,0.063,0.707
subj_003_0132,141,19,0,1.0,850,1.552,0.205,0.025,0.024,-0.001,0.001,5.055,0.553,0.439,0.073,0.111,0.088,0.111
subj_003_0133,141,20,0,1.0,793,0.88,0.227,0.19,0.039,-0.006,0.001,2.931,0.19,0.474,0.044,0.936,0.027,0.936
subj_003_0134,140,18,0,1.0,924,0.018,0.134,0.192,0.023,-0.001,0.0,4.522,0.297,0.479,0.043,0.819,0.096,0.819
subj_003_0135,140,19,0,1.0,832,0.363,0.149,0.124,0.023,-0.002,0.0,4.099,0.309,0.512,0.049,0.45,0.096,0.45
subj_003_0136,141,20,0,1.0,869,0.043,0.169,0.269,0.03,-0.004,0.001,3.291,0.194,0.445,0.037,1.339,0.046,1.339
subj_003_0137,141,18,0,1.0,843,0.047,0.176,0.25,0.029,-0.003,0.001,3.719,0.266,0.506,0.047,1.041,0.078,1.041
subj_003_0138,141,20,0,1.0,830,0.039,0.171,0.183,0.031,-0.005,0.001,3.043,0.176,0.556,0.037,0.918,0.044,0.918
subj_003_0139,141,15,0,1.01,741,-0.43,0.178,0.296,0.032,-0.006,0.001,3.081,0.189,0.562,0.036,0.926,0.037,0.926
subj_003_0140,140,21,0,1.0,542,1.708,0.321,0.07,0.035,-0.003,0.001,4.419,0.749,0.533,0.095,1.016,0.101,1.016
subj_003_0141,141,17,0,1.01,488,1.175,0.191,0.027,0.023,-0.0,0.001,4.701,0.649,0.448,0.074,0.349,0.147,0.349
subj_003_0142,141,17,0,1.0,781,-0.722,0.161,0.128,0.024,0.003,0.001,2.968,0.15,0.575,0.036,0.644,0.046,0.644
subj_003_0143,138,17,0,1.01,814,0.568,0.162,0.096,0.025,-0.002,0.001,3.762,0.3,0.543,0.047,1.084,0.08,1.084
subj_003_0144,140,16,0,1.01,927,0.193,0.137,0.079,0.023,-0.005,0.001,3.397,0.16,0.497,0.031,1.296,0.044,1.296
subj_003_0145,141,18,0,1.0,465,0.515,0.25,0.16,0.034,0.002,0.001,3.187,0.301,0.467,0.062,0.712,0.08,0.712
subj_003_0146,141,21,0,1.0,460,2.157,0.319,0.012,0.03,-0.002,0.001,4.677,0.813,0.407,0.109,0.664,0.174,0.664
subj_003_0147,141,20,0,1.0,465,-0.14,0.193,0.251,0.037,-0.004,0.001,2.845,0.171,0.535,0.038,0.583,0.053,0.583
subj_003_0148,141,17,0,1.0,616,0.216,0.143,0.146,0.024,-0.003,0.001,3.627,0.229,0.502,0.039,0.628,0.101,0.628
subj_003_0149,141,21,0,1.0,722,0.701,0.24,0.304,0.037,-0.006,0.001,2.922,0.221,0.513,0.05,0.886,0.033,0.886
subj_003_0150,140,17,0,1.0,845,0.035,0.169,0.222,0.033,-0.005,0.001,3.489,0.228,0.557,0.04,1.167,0.055,1.167
subj_003_0151,141,18,0,1.0,885,-0.212,0.143,0.166,0.023,-0.001,0.0,3.566,0.207,0.534,0.045,0.932,0.073,0.932
subj_003_0152,141,22,0,1.01,724,0.523,0.159,0.15,0.024,-0.002,0.001,3.757,0.277,0.456,0.048,0.571,0.096,0.571
subj_003_0153,141,15,0,1.01,862,-0.289,0.224,0.305,0.037,-0.007,0.001,2.824,0.145,0.449,0.034,0.891,0.012,0.891
subj_003_0154,141,19,0,1.01,810,-0.553,0.177,0.245,0.03,-0.006,0.001,2.987,0.168,0.55,0.032,1.317,0.051,1.317
subj_003_0155,140,18,0,1.0,710,-0.022,0.143,0.133,0.026,-0.002,0.001,3.204,0.174,0.613,0.034,0.734,0.047,0.734
subj_003_0156,141,20,0,1.01,487,-0.162,0.155,0.195,0.027,-0.002,0.001,3.187,0.183,0.545,0.04,0.45,0.062,0.45
subj_003_0157,138,18,0,1.0,789,-0.377,0.14,0.146,0.022,-0.003,0.0,3.496,0.178,0.497,0.032,0.884,0.067,0.884
subj_003_0158,141,24,0,1.01,548,1.943,0.367,-0.0,0.051,0.002,0.001,3.677,1.168,0.73,0.1,0.349,0.02,0.349
subj_003_0159,141,17,0,1.0,611,1.317,0.284,0.074,0.044,-0.001,0.001,3.707,0.936,0.732,0.067,0.417,0.025,0.417
subj_003_0160,140,15,0,1.01,662,1.009,0.3,0.107,0.038,-0.002,0.001,3.699,0.658,0.675,0.064,0.568,0.041,0.568
subj_003_0161,141,18,0,1.0,851,-0.142,0.218,0.204,0.033,-0.005,0.001,2.337,0.124,0.488,0.034,0.858,0.038,0.858
subj_003_0163,141,15,0,1.0,805,-1.261,0.225,0.322,0.037,-0.007,0.001,2.53,0.129,0.503,0.035,0.743,0.032,0.743
subj_003_0164,141,19,0,1.01,673,0.978,0.23,0.149,0.031,-0.002,0.001,3.647,0.422,0.474,0.071,0.466,0.078,0.466
subj_003_0165,141,16,0,1.0,902,0.481,0.212,0.184,0.034,-0.003,0.001,2.934,0.193,0.519,0.046,0.713,0.04,0.713
subj_003_0166,140,19,0,1.0,605,0.395,0.175,0.152,0.029,-0.006,0.001,3.102,0.197,0.58,0.037,0.934,0.051,0.934
subj_003_0167,141,16,0,1.0,516,1.621,0.301,0.182,0.037,-0.005,0.001,2.699,0.225,0.388,0.05,0.748,0.043,0.748
subj_003_0168,141,21,0,1.01,629,1.172,0.251,0.076,0.032,-0.002,0.001,3.198,0.372,0.521,0.06,0.412,0.074,0.412
subj_003_0169,141,16,0,1.0,848,-0.232,0.169,0.253,0.03,-0.004,0.001,3.329,0.207,0.568,0.039,0.76,0.051,0.76
subj_003_0170,141,16,0,1.0,699,0.343,0.194,0.285,0.033,-0.005,0.001,3.187,0.231,0.51,0.047,0.752,0.053,0.752
subj_003_0171,141,20,0,1.01,605,1.308,0.251,0.017,0.031,0.0,0.001,4.416,0.834,0.605,0.085,0.476,0.1,0.476
subj_003_0172,141,20,0,1.0,461,2.842,0.335,0.008,0.032,-0.001,0.001,4.572,0.803,0.438,0.109,0.195,0.093,0.195
subj_003_0173,141,24,0,1.0,618,3.188,0.342,0.098,0.029,-0.002,0.001,5.29,0.531,0.264,0.097,0.215,0.107,0.215
subj_003_0174,141,15,0,1.01,765,0.808,0.23,0.208,0.036,-0.003,0.001,2.932,0.216,0.456,0.053,0.602,0.042,0.602
subj_003_0175,140,16,0,1.01,815,-0.132,0.197,0.246,0.035,-0.002,0.001,2.616,0.162,0.531,0.04,0.814,0.034,0.814
subj_003_0176,141,15,0,1.01,897,-0.519,0.191,0.261,0.033,-0.003,0.001,3.18,0.178,0.593,0.036,0.536,0.039,0.536
subj_003_0177,140,17,0,1.01,771,0.093,0.168,0.15,0.027,-0.002,0.001,3.172,0.194,0.519,0.043,1.251,0.063,1.251
subj_003_0178,141,15,0,1.01,744,-0.14,0.226,0.307,0.049,-0.003,0.001,2.518,0.16,0.563,0.042,1.024,0.028,1.024
subj_003_0179,141,16,0,1.01,869,0.477,0.191,0.182,0.031,-0.002,0.001,3.418,0.254,0.509,0.048,0.335,0.047,0.335
subj_003_0180,141,24,0,1.01,734,1.593,0.317,0.079,0.035,0.0,0.001,4.298,0.86,0.559,0.1,0.255,0.078,0.255
subj_003_0181,141,18,0,1.0,858,0.094,0.164,0.19,0.028,-0.005,0.001,3.412,0.166,0.49,0.034,0.799,0.025,0.799
subj_003_0182,140,21,0,1.0,957,-0.279,0.135,0.261,0.029,-0.005,0.001,3.662,0.232,0.511,0.034,1.101,0.055,1.101
subj_003_0183,141,15,0,1.01,821,0.286,0.218,0.228,0.035,-0.004,0.001,2.565,0.158,0.499,0.041,0.978,0.034,0.978
subj_003_0184,141,25,0,1.01,460,1.24,0.232,0.034,0.023,-0.0,0.001,4.821,0.689,0.54,0.091,0.39,0.156,0.39
subj_003_0185,141,17,0,1.0,659,0.541,0.21,0.255,0.033,-0.005,0.001,3.432,0.258,0.509,0.052,0.786,0.077,0.786
subj_003_0186,141,19,0,1.0,1026,-0.228,0.208,0.271,0.034,-0.007,0.001,3.007,0.163,0.606,0.032,0.909,0.023,0.909
subj_003_0187,141,18,0,1.0,994,0.658,0.16,0.14,0.025,-0.003,0.001,3.927,0.27,0.476,0.047,1.338,0.064,1.338
subj_003_0188,141,15,0,1.01,616,0.682,0.228,0.073,0.03,-0.0,0.001,3.805,0.472,0.563,0.061,0.411,0.092,0.411
subj_003_0189,141,20,0,1.01,1075,-0.007,0.172,0.138,0.027,-0.004,0.001,3.042,0.162,0.533,0.034,0.676,0.046,0.676
subj_003_0190,141,16,0,1.0,666,0.638,0.235,0.199,0.034,-0.003,0.001,2.671,0.201,0.516,0.053,0.513,0.038,0.513
subj_003_0191,141,22,0,1.0,637,1.296,0.224,0.035,0.026,0.0,0.001,5.07,0.575,0.417,0.071,0.191,0.122,0.191
subj_003_0192,141,17,0,1.01,599,0.991,0.235,0.026,0.029,-0.001,0.001,4.614,0.759,0.715,0.064,0.296,0.074,0.296
subj_003_0193,141,18,0,1.01,705,-0.239,0.159,0.108,0.028,-0.006,0.001,2.873,0.145,0.49,0.031,1.044,0.05,1.044
subj_003_0194,141,17,0,1.0,905,0.313,0.19,0.212,0.028,-0.006,0.001,3.857,0.276,0.557,0.046,1.224,0.063,1.224
subj_003_0195,141,14,0,1.0,1035,-0.087,0.179,0.16,0.029,-0.004,0.001,2.701,0.12,0.56,0.034,1.122,0.018,1.122
subj_003_0196,141,24,0,1.01,434,2.119,0.429,0.03,0.038,0.001,0.001,4.073,0.974,0.395,0.094,0.391,0.137,0.391
subj_003_0197,141,15,0,1.0,829,-0.573,0.175,0.297,0.035,-0.003,0.001,3.116,0.195,0.511,0.035,0.63,0.047,0.63
subj_003_0198,141,21,0,1.0,750,0.018,0.15,0.162,0.027,-0.002,0.001,3.496,0.212,0.527,0.044,0.428,0.066,0.428
subj_003_0199,140,17,0,1.0,953,0.343,0.182,0.153,0.03,-0.001,0.001,3.565,0.271,0.525,0.054,0.455,0.067,0.455
subj_003_0200,141,20,0,1.0,762,0.077,0.182,0.212,0.03,-0.004,0.001,3.205,0.202,0.573,0.041,1.26,0.05,1.26
subj_003_0201,141,15,0,1.0,780,0.624,0.243,0.155,0.034,-0.002,0.001,3.357,0.307,0.573,0.06,0.896,0.052,0.896
subj_003_0202,141,20,0,1.0,749,0.902,0.22,0.093,0.028,-0.002,0.001,3.751,0.366,0.501,0.063,1.077,0.098,1.077
subj_003_0203,140,21,0,1.0,541,2.311,0.513,0.071,0.046,0.0,0.001,3.745,1.049,0.543,0.12,0.221,0.061,0.221
subj_003_0204,141,16,0,1.0,959,0.006,0.207,0.218,0.031,-0.005,0.001,2.691,0.151,0.552,0.041,1.037,0.032,1.037
subj_003_0205,141,17,0,1.01,929,-0.13,0.149,0.214,0.026,-0.002,0.0,3.827,0.232,0.498,0.041,0.751,0.075,0.751
subj_003_0206,141,16,0,1.0,776,0.343,0.182,0.222,0.031,-0.002,0.001,3.268,0.253,0.55,0.05,0.6,0.048,0.6
subj_003_0207,141,19,0,1.0,596,-0.647,0.172,0.168,0.028,-0.006,0.001,2.844,0.142,0.556,0.032,1.277,0.047,1.277
subj_003_0208,141,18,0,1.01,364,1.315,0.278,0.082,0.036,-0.001,0.001,3.762,0.884,0.61,0.085,0.578,0.068,0.578
subj_003_0209,140,24,0,1.0,932,-0.076,0.127,0.14,0.02,-0.003,0.0,4.067,0.258,0.493,0.034,1.072,0.11,1.072
subj_003_0210,141,14,0,1.0,784,-0.985,0.193,0.374,0.041,-0.003,0.001,2.892,0.149,0.549,0.033,0.839,0.02,0.839
subj_003_0211,140,22,0,1.0,871,1.393,0.168,-0.003,0.02,-0.0,0.0,5.487,0.363,0.41,0.067,0.214,0.141,0.214
subj_003_0212,141,16,0,1.0,994,0.521,0.194,0.127,0.028,-0.003,0.001,2.932,0.177,0.527,0.042,0.433,0.051,0.433
subj_003_0213,141,19,0,1.0,837,0.21,0.2,0.268,0.036,-0.004,0.001,2.711,0.167,0.498,0.043,0.575,0.029,0.575
subj_003_0214,140,18,0,1.0,719,-0.196,0.132,0.197,0.027,-0.002,0.0,4.097,0.266,0.464,0.039,1.0,0.091,1.0
subj_003_0216,140,16,0,1.0,902,0.245,0.165,0.153,0.025,-0.004,0.001,3.295,0.201,0.529,0.038,0.716,0.061,0.716
subj_003_0217,141,22,0,1.0,529,2.033,0.357,-0.001,0.05,-0.0,0.001,3.647,1.122,0.749,0.083,0.622,0.022,0.622
