,mean,sd,hdi_3%,hdi_97%,mcse_mean,mcse_sd,ess_bulk,ess_tail,r_hat
z,0.536,0.003,0.531,0.542,0.0,0.0,2677.0,1513.0,1.0
v_1|subj_sigma,0.653,0.032,0.595,0.714,0.002,0.001,178.0,399.0,1.03
a_1|subj_offset[003_0001],-0.492,0.379,-1.188,0.22,0.009,0.01,1703.0,1067.0,1.0
a_1|subj_offset[003_0002],1.9,0.467,1.075,2.781,0.011,0.011,1991.0,1429.0,1.0
a_1|subj_offset[003_0003],-0.629,0.291,-1.158,-0.062,0.007,0.007,1760.0,1311.0,1.0
a_1|subj_offset[003_0004],-0.773,0.285,-1.372,-0.283,0.007,0.006,1679.0,1507.0,1.0
a_1|subj_offset[003_0005],-1.316,0.246,-1.785,-0.871,0.007,0.005,1117.0,1556.0,1.0
a_1|subj_offset[003_0006],-0.97,0.457,-1.728,-0.186,0.153,0.009,10.0,450.0,1.16
a_1|subj_offset[003_0007],-0.153,0.336,-0.732,0.502,0.009,0.008,1610.0,1334.0,1.0
a_1|subj_offset[003_0008],0.175,0.249,-0.305,0.644,0.006,0.005,1529.0,1359.0,1.0
a_1|subj_offset[003_0009],1.519,0.364,0.807,2.16,0.009,0.007,1851.0,1481.0,1.0
a_1|subj_offset[003_0010],0.474,0.312,-0.05,1.13,0.007,0.006,1993.0,1398.0,1.0
a_1|subj_offset[003_0011],-2.327,0.224,-2.739,-1.924,0.009,0.005,688.0,951.0,1.0
a_1|subj_offset[003_0012],-0.44,0.232,-0.899,-0.026,0.006,0.005,1639.0,1338.0,1.0
a_1|subj_offset[003_0013],-1.335,0.236,-1.778,-0.908,0.009,0.005,750.0,1260.0,1.0
a_1|subj_offset[003_0014],-1.205,0.419,-1.922,-0.347,0.011,0.015,1590.0,1116.0,1.0
a_1|subj_offset[003_0015],1.309,0.393,0.669,2.116,0.011,0.01,1437.0,1195.0,1.0
a_1|subj_offset[003_0016],2.108,0.575,1.06,3.203,0.013,0.013,2045.0,1603.0,1.0
a_1|subj_offset[003_0017],-0.171,0.256,-0.672,0.279,0.007,0.006,1325.0,1345.0,1.0
a_1|subj_offset[003_0018],4.684,0.56,3.593,5.679,0.012,0.012,2058.0,1485.0,1.0
a_1|subj_offset[003_0019],-1.678,0.343,-2.324,-1.064,0.009,0.008,1485.0,1352.0,1.0
a_1|subj_offset[003_0020],-0.829,0.276,-1.305,-0.259,0.007,0.006,1521.0,1499.0,1.0
a_1|subj_offset[003_0021],-0.196,0.261,-0.661,0.313,0.007,0.006,1480.0,1420.0,1.0
a_1|subj_offset[003_0022],1.233,0.506,0.379,2.262,0.012,0.011,1723.0,1411.0,1.0
a_1|subj_offset[003_0023],-1.88,0.301,-2.419,-1.315,0.009,0.006,1179.0,1626.0,1.0
a_1|subj_offset[003_0024],0.016,0.302,-0.531,0.586,0.007,0.006,1716.0,1549.0,1.0
a_1|subj_offset[003_0025],-1.295,0.231,-1.705,-0.842,0.007,0.005,1047.0,1461.0,1.0
a_1|subj_offset[003_0026],-0.964,0.211,-1.371,-0.569,0.007,0.005,988.0,1337.0,1.0
a_1|subj_offset[003_0027],-0.753,0.276,-1.274,-0.236,0.007,0.006,1342.0,1265.0,1.0
a_1|subj_offset[003_0028],-2.129,0.22,-2.545,-1.719,0.009,0.005,662.0,1069.0,1.0
a_1|subj_offset[003_0029],0.468,0.288,-0.068,1.01,0.007,0.006,1608.0,1509.0,1.0
a_1|subj_offset[003_0030],0.419,0.403,-0.336,1.175,0.01,0.011,1625.0,1045.0,1.0
a_1|subj_offset[003_0031],-0.669,0.241,-1.118,-0.213,0.006,0.006,1445.0,1336.0,1.0
a_1|subj_offset[003_0032],-0.015,0.39,-0.768,0.65,0.01,0.009,1521.0,1242.0,1.0
a_1|subj_offset[003_0033],-0.869,0.273,-1.366,-0.363,0.007,0.006,1642.0,1609.0,1.0
a_1|subj_offset[003_0034],0.413,0.372,-0.248,1.132,0.01,0.009,1532.0,1262.0,1.0
a_1|subj_offset[003_0035],-0.709,0.251,-1.186,-0.24,0.008,0.007,1069.0,963.0,1.0
a_1|subj_offset[003_0036],-0.285,0.235,-0.749,0.147,0.006,0.005,1410.0,1330.0,1.0
a_1|subj_offset[003_0037],0.362,0.249,-0.078,0.858,0.007,0.005,1349.0,1364.0,1.0
a_1|subj_offset[003_0038],0.098,0.258,-0.36,0.586,0.006,0.005,1665.0,1502.0,1.0
a_1|subj_offset[003_0039],-0.737,0.241,-1.194,-0.272,0.006,0.005,1446.0,1513.0,1.0
a_1|subj_offset[003_0040],-0.218,0.261,-0.691,0.284,0.007,0.006,1540.0,1485.0,1.0
a_1|subj_offset[003_0041],0.154,0.291,-0.388,0.687,0.008,0.008,1544.0,1272.0,1.0
a_1|subj_offset[003_0042],-0.534,0.259,-1.013,-0.036,0.006,0.005,1927.0,1552.0,1.0
a_1|subj_offset[003_0043],-1.672,0.227,-2.129,-1.275,0.008,0.004,738.0,1481.0,1.0
a_1|subj_offset[003_0044],-0.605,0.237,-1.03,-0.135,0.007,0.005,1141.0,1468.0,1.0
a_1|subj_offset[003_0045],0.559,0.566,-0.481,1.616,0.015,0.013,1453.0,1156.0,1.0
a_1|subj_offset[003_0046],-1.212,0.555,-2.154,-0.163,0.02,0.01,780.0,1646.0,1.01
a_1|subj_offset[003_0047],-0.317,0.303,-0.876,0.256,0.011,0.006,752.0,979.0,1.0
a_1|subj_offset[003_0048],1.175,0.456,0.31,1.997,0.012,0.011,1558.0,1099.0,1.0
a_1|subj_offset[003_0049],0.436,0.323,-0.13,1.072,0.008,0.007,1623.0,1352.0,1.0
a_1|subj_offset[003_0050],1.243,0.489,0.374,2.176,0.013,0.01,1501.0,1505.0,1.0
a_1|subj_offset[003_0051],-0.503,0.25,-1.011,-0.088,0.006,0.006,1597.0,1556.0,1.0
a_1|subj_offset[003_0052],0.89,0.327,0.302,1.497,0.008,0.007,1607.0,1629.0,1.0
a_1|subj_offset[003_0053],0.38,0.304,-0.199,0.899,0.008,0.006,1718.0,1748.0,1.0
a_1|subj_offset[003_0054],-1.239,0.216,-1.655,-0.845,0.007,0.005,968.0,1057.0,1.0
a_1|subj_offset[003_0055],-0.87,0.3,-1.39,-0.287,0.008,0.007,1341.0,1340.0,1.0
a_1|subj_offset[003_0056],-0.385,0.356,-1.018,0.311,0.008,0.008,1862.0,1284.0,1.0
a_1|subj_offset[003_0057],-0.677,0.269,-1.144,-0.146,0.007,0.005,1714.0,1595.0,1.0
a_1|subj_offset[003_0058],1.974,0.395,1.267,2.708,0.01,0.009,1708.0,1392.0,1.0
a_1|subj_offset[003_0059],-0.679,0.254,-1.168,-0.223,0.006,0.005,1693.0,1535.0,1.0
a_1|subj_offset[003_0060],0.859,0.475,-0.019,1.752,0.013,0.011,1521.0,1226.0,1.01
a_1|subj_offset[003_0061],-0.468,0.25,-0.96,-0.042,0.006,0.005,1504.0,1540.0,1.0
a_1|subj_offset[003_0062],-0.751,0.236,-1.203,-0.324,0.007,0.005,1238.0,1213.0,1.0
a_1|subj_offset[003_0063],0.061,0.244,-0.383,0.525,0.007,0.005,1204.0,1324.0,1.0
a_1|subj_offset[003_0064],0.171,0.373,-0.524,0.854,0.009,0.01,1687.0,1239.0,1.0
a_1|subj_offset[003_0066],0.171,0.301,-0.416,0.701,0.007,0.008,1832.0,1453.0,1.0
a_1|subj_offset[003_0067],0.513,0.303,-0.064,1.089,0.008,0.007,1519.0,1328.0,1.0
a_1|subj_offset[003_0068],1.628,0.48,0.784,2.528,0.013,0.011,1407.0,1164.0,1.0
a_1|subj_offset[003_0069],-0.915,0.27,-1.425,-0.428,0.008,0.006,1145.0,1341.0,1.0
a_1|subj_offset[003_0070],1.104,0.345,0.489,1.766,0.009,0.009,1445.0,1587.0,1.01
a_1|subj_offset[003_0071],-0.106,0.272,-0.613,0.411,0.006,0.006,1812.0,1502.0,1.0
a_1|subj_offset[003_0072],-0.724,0.233,-1.178,-0.294,0.007,0.005,1106.0,1344.0,1.01
a_1|subj_offset[003_0073],0.857,0.366,0.183,1.514,0.01,0.011,1385.0,1174.0,1.0
a_1|subj_offset[003_0074],-0.257,0.3,-0.77,0.335,0.007,0.007,1646.0,1580.0,1.0
a_1|subj_offset[003_0075],-0.284,0.227,-0.707,0.121,0.006,0.005,1331.0,1292.0,1.0
a_1|subj_offset[003_0076],-0.602,0.295,-1.18,-0.082,0.008,0.006,1265.0,1390.0,1.0
a_1|subj_offset[003_0077],0.397,0.467,-0.482,1.222,0.012,0.011,1562.0,1227.0,1.0
a_1|subj_offset[003_0078],0.838,0.53,-0.177,1.766,0.014,0.013,1540.0,1406.0,1.0
a_1|subj_offset[003_0079],-0.847,0.5,-1.766,0.095,0.013,0.01,1611.0,1389.0,1.0
a_1|subj_offset[003_0080],0.065,0.251,-0.409,0.534,0.008,0.006,1056.0,1333.0,1.0
a_1|subj_offset[003_0081],0.066,0.337,-0.538,0.748,0.008,0.007,1656.0,1262.0,1.0
a_1|subj_offset[003_0082],0.217,0.27,-0.272,0.746,0.008,0.006,1284.0,1336.0,1.0
a_1|subj_offset[003_0083],-1.027,0.216,-1.4,-0.598,0.006,0.004,1295.0,1404.0,1.0
a_1|subj_offset[003_0084],0.198,0.34,-0.403,0.839,0.008,0.008,1790.0,1101.0,1.0
a_1|subj_offset[003_0085],-0.18,0.286,-0.686,0.357,0.007,0.006,1620.0,1266.0,1.01
a_1|subj_offset[003_0086],-0.448,0.472,-1.317,0.418,0.012,0.012,1593.0,1268.0,1.0
a_1|subj_offset[003_0087],0.313,0.324,-0.266,0.916,0.008,0.008,1675.0,1463.0,1.0
a_1|subj_offset[003_0088],-0.382,0.265,-0.892,0.102,0.008,0.006,1237.0,1443.0,1.0
a_1|subj_offset[003_0089],-0.307,0.259,-0.813,0.149,0.007,0.006,1527.0,1340.0,1.0
a_1|subj_offset[003_0090],-0.412,0.298,-0.971,0.138,0.007,0.007,1732.0,1336.0,1.0
a_1|subj_offset[003_0091],-0.791,0.216,-1.206,-0.413,0.006,0.005,1193.0,1440.0,1.0
a_1|subj_offset[003_0092],0.567,0.407,-0.14,1.358,0.009,0.009,2224.0,1318.0,1.0
a_1|subj_offset[003_0093],-1.093,0.322,-1.671,-0.473,0.008,0.008,1791.0,1658.0,1.0
a_1|subj_offset[003_0094],1.249,0.301,0.703,1.826,0.008,0.006,1461.0,1616.0,1.0
a_1|subj_offset[003_0095],1.275,0.325,0.712,1.919,0.008,0.007,1730.0,1678.0,1.0
a_1|subj_offset[003_0096],-0.808,0.226,-1.247,-0.382,0.006,0.005,1559.0,1666.0,1.0
a_1|subj_offset[003_0097],-0.349,0.279,-0.867,0.176,0.007,0.006,1531.0,1222.0,1.0
a_1|subj_offset[003_0098],0.521,0.284,-0.009,1.044,0.007,0.006,1493.0,1341.0,1.0
a_1|subj_offset[003_0100],0.33,0.296,-0.253,0.879,0.008,0.007,1473.0,1276.0,1.0
a_1|subj_offset[003_0102],-0.53,0.272,-1.018,0.005,0.007,0.006,1563.0,1518.0,1.0
a_1|subj_offset[003_0103],-0.87,0.247,-1.287,-0.385,0.006,0.006,1669.0,1508.0,1.0
a_1|subj_offset[003_0104],1.443,0.425,0.658,2.228,0.01,0.008,1966.0,1540.0,1.0
a_1|subj_offset[003_0105],-0.922,0.223,-1.343,-0.502,0.007,0.005,1092.0,1257.0,1.0
a_1|subj_offset[003_0106],-0.39,0.227,-0.815,0.041,0.007,0.005,995.0,1312.0,1.0
a_1|subj_offset[003_0107],-1.533,0.344,-2.106,-0.88,0.057,0.01,42.0,487.0,1.06
a_1|subj_offset[003_0108],0.419,0.309,-0.116,1.03,0.008,0.008,1446.0,881.0,1.0
a_1|subj_offset[003_0109],-1.258,0.204,-1.633,-0.881,0.006,0.004,1090.0,1237.0,1.0
a_1|subj_offset[003_0110],0.244,0.672,-0.88,1.511,0.02,0.02,1308.0,1008.0,1.0
a_1|subj_offset[003_0111],-0.07,0.338,-0.708,0.568,0.01,0.006,1231.0,1718.0,1.0
a_1|subj_offset[003_0112],0.173,0.289,-0.335,0.735,0.008,0.006,1380.0,1482.0,1.0
a_1|subj_offset[003_0113],-0.478,0.253,-0.965,-0.006,0.006,0.005,1579.0,1341.0,1.0
a_1|subj_offset[003_0114],1.287,0.446,0.512,2.165,0.012,0.012,1633.0,1393.0,1.0
a_1|subj_offset[003_0115],1.19,0.326,0.602,1.82,0.008,0.008,1652.0,1416.0,1.0
a_1|subj_offset[003_0116],-1.456,0.287,-2.048,-0.951,0.045,0.032,52.0,63.0,1.04
a_1|subj_offset[003_0117],-0.445,0.396,-1.149,0.312,0.01,0.01,1702.0,1179.0,1.0
a_1|subj_offset[003_0118],0.005,0.321,-0.604,0.591,0.007,0.007,1888.0,1345.0,1.0
a_1|subj_offset[003_0119],0.215,0.505,-0.694,1.16,0.014,0.014,1509.0,1027.0,1.0
a_1|subj_offset[003_0120],0.123,0.533,-0.828,1.134,0.015,0.012,1414.0,1292.0,1.0
a_1|subj_offset[003_0121],0.521,0.418,-0.239,1.281,0.012,0.013,1277.0,854.0,1.01
a_1|subj_offset[003_0122],-0.477,0.295,-1.04,0.065,0.007,0.006,1848.0,1386.0,1.0
a_1|subj_offset[003_0123],0.011,0.369,-0.653,0.759,0.009,0.008,1619.0,1334.0,1.0
a_1|subj_offset[003_0124],-0.317,0.403,-1.047,0.457,0.011,0.011,1444.0,990.0,1.0
a_1|subj_offset[003_0125],-0.337,0.249,-0.797,0.1,0.007,0.005,1424.0,1646.0,1.0
a_1|subj_offset[003_0126],0.794,0.378,0.103,1.492,0.01,0.008,1532.0,1486.0,1.0
a_1|subj_offset[003_0127],0.466,0.59,-0.684,1.513,0.016,0.013,1343.0,1420.0,1.0
a_1|subj_offset[003_0128],-0.654,0.222,-1.078,-0.228,0.006,0.005,1258.0,1541.0,1.0
a_1|subj_offset[003_0129],0.687,0.319,0.107,1.297,0.008,0.008,1835.0,1251.0,1.0
a_1|subj_offset[003_0130],-1.17,0.237,-1.608,-0.72,0.007,0.006,1307.0,1196.0,1.0
a_1|subj_offset[003_0131],0.644,0.346,0.027,1.288,0.009,0.008,1510.0,1120.0,1.0
a_1|subj_offset[003_0132],1.49,0.607,0.324,2.588,0.015,0.013,1662.0,1353.0,1.0
a_1|subj_offset[003_0133],-0.622,0.289,-1.133,-0.047,0.01,0.008,842.0,770.0,1.0
a_1|subj_offset[003_0134],2.044,0.428,1.308,2.89,0.01,0.009,1878.0,1641.0,1.0
a_1|subj_offset[003_0135],1.677,0.43,0.866,2.468,0.01,0.009,1866.0,1523.0,1.0
a_1|subj_offset[003_0136],-0.078,0.296,-0.618,0.473,0.007,0.006,1619.0,1438.0,1.0
a_1|subj_offset[003_0137],0.679,0.34,0.03,1.304,0.008,0.008,1671.0,1419.0,1.0
a_1|subj_offset[003_0138],-0.186,0.25,-0.648,0.273,0.007,0.006,1288.0,1270.0,1.0
a_1|subj_offset[003_0139],-0.422,0.247,-0.85,0.064,0.006,0.006,1527.0,1523.0,1.0
a_1|subj_offset[003_0140],1.064,0.505,0.182,2.02,0.012,0.013,1746.0,1250.0,1.0
a_1|subj_offset[003_0141],1.815,0.596,0.728,2.875,0.016,0.017,1597.0,1190.0,1.0
a_1|subj_offset[003_0142],-0.325,0.208,-0.709,0.054,0.006,0.005,1438.0,1305.0,1.0
a_1|subj_offset[003_0143],1.246,0.413,0.542,2.087,0.011,0.009,1516.0,1384.0,1.0
a_1|subj_offset[003_0144],0.267,0.259,-0.215,0.758,0.007,0.006,1257.0,1518.0,1.0
a_1|subj_offset[003_0145],-0.096,0.353,-0.746,0.564,0.01,0.011,1429.0,1069.0,1.0
a_1|subj_offset[003_0146],0.801,0.535,-0.098,1.906,0.013,0.016,1815.0,1195.0,1.0
a_1|subj_offset[003_0147],-0.643,0.288,-1.181,-0.12,0.015,0.005,385.0,1305.0,1.0
a_1|subj_offset[003_0148],0.642,0.357,0.028,1.35,0.015,0.009,586.0,692.0,1.01
a_1|subj_offset[003_0149],-0.827,0.269,-1.3,-0.299,0.008,0.006,1112.0,1333.0,1.0
a_1|subj_offset[003_0150],0.298,0.291,-0.244,0.825,0.007,0.007,1882.0,1398.0,1.0
a_1|subj_offset[003_0151],0.849,0.319,0.298,1.441,0.008,0.007,1670.0,1306.0,1.0
a_1|subj_offset[003_0152],1.08,0.445,0.321,1.94,0.011,0.008,1623.0,1626.0,1.0
a_1|subj_offset[003_0153],-1.472,0.214,-1.905,-1.106,0.007,0.005,1007.0,1420.0,1.0
a_1|subj_offset[003_0154],-0.485,0.253,-0.948,0.01,0.007,0.004,1254.0,1639.0,1.0
a_1|subj_offset[003_0155],0.291,0.277,-0.199,0.825,0.007,0.006,1420.0,1393.0,1.0
a_1|subj_offset[003_0156],0.131,0.289,-0.421,0.649,0.009,0.006,1065.0,1594.0,1.0
a_1|subj_offset[003_0157],0.804,0.283,0.27,1.307,0.008,0.006,1423.0,1485.0,1.0
a_1|subj_offset[003_0158],-1.779,0.36,-2.394,-1.091,0.01,0.009,1428.0,1243.0,1.0
a_1|subj_offset[003_0159],-0.837,0.372,-1.527,-0.163,0.009,0.008,1582.0,1411.0,1.01
a_1|subj_offset[003_0160],0.048,0.431,-0.75,0.843,0.011,0.011,1497.0,1282.0,1.0
a_1|subj_offset[003_0161],-1.379,0.255,-1.867,-0.912,0.008,0.005,909.0,1320.0,1.0
a_1|subj_offset[003_0163],-1.541,0.224,-1.989,-1.147,0.009,0.005,699.0,715.0,1.0
a_1|subj_offset[003_0164],0.925,0.479,0.005,1.792,0.012,0.013,1764.0,1224.0,1.0
a_1|subj_offset[003_0165],-0.206,0.289,-0.749,0.314,0.007,0.007,1654.0,1258.0,1.0
a_1|subj_offset[003_0166],-0.204,0.251,-0.665,0.272,0.006,0.006,1633.0,1075.0,1.0
a_1|subj_offset[003_0167],-0.733,0.355,-1.34,0.006,0.009,0.008,1654.0,1258.0,1.0
a_1|subj_offset[003_0168],0.127,0.415,-0.614,0.908,0.01,0.008,1714.0,1497.0,1.0
a_1|subj_offset[003_0169],0.06,0.274,-0.424,0.587,0.007,0.006,1686.0,1443.0,1.0
a_1|subj_offset[003_0170],-0.295,0.286,-0.845,0.232,0.007,0.006,1501.0,1550.0,1.0
a_1|subj_offset[003_0171],0.275,0.423,-0.483,1.06,0.01,0.009,1892.0,1451.0,1.0
a_1|subj_offset[003_0172],0.528,0.667,-0.656,1.772,0.018,0.015,1532.0,1263.0,1.0
a_1|subj_offset[003_0173],1.927,0.667,0.748,3.239,0.015,0.015,1935.0,1600.0,1.0
a_1|subj_offset[003_0174],-0.168,0.317,-0.751,0.411,0.007,0.007,1882.0,1635.0,1.0
a_1|subj_offset[003_0175],-0.775,0.265,-1.287,-0.287,0.007,0.006,1497.0,1445.0,1.0
a_1|subj_offset[003_0176],-0.064,0.28,-0.577,0.454,0.007,0.006,1695.0,1355.0,1.0
a_1|subj_offset[003_0177],0.327,0.329,-0.281,0.955,0.007,0.007,2010.0,1471.0,1.0
a_1|subj_offset[003_0178],-1.077,0.24,-1.514,-0.611,0.007,0.005,1306.0,1304.0,1.0
a_1|subj_offset[003_0179],-0.065,0.393,-0.778,0.668,0.014,0.01,853.0,1085.0,1.0
a_1|subj_offset[003_0180],0.204,0.479,-0.661,1.113,0.013,0.012,1411.0,1158.0,1.0
a_1|subj_offset[003_0181],-0.333,0.254,-0.778,0.137,0.007,0.006,1374.0,1225.0,1.0
a_1|subj_offset[003_0182],0.488,0.285,-0.056,1.004,0.007,0.007,1907.0,1338.0,1.0
a_1|subj_offset[003_0183],-0.892,0.247,-1.367,-0.436,0.007,0.005,1366.0,1512.0,1.0
a_1|subj_offset[003_0184],0.959,0.521,0.06,1.985,0.013,0.012,1763.0,1396.0,1.0
a_1|subj_offset[003_0185],0.216,0.351,-0.458,0.881,0.012,0.007,920.0,1406.0,1.0
a_1|subj_offset[003_0186],-0.806,0.256,-1.298,-0.341,0.007,0.007,1349.0,1532.0,1.0
a_1|subj_offset[003_0187],1.419,0.409,0.685,2.196,0.01,0.01,1634.0,1194.0,1.0
a_1|subj_offset[003_0188],0.806,0.414,0.06,1.628,0.011,0.009,1436.0,1182.0,1.0
a_1|subj_offset[003_0189],0.001,0.243,-0.442,0.46,0.006,0.005,1645.0,1431.0,1.0
a_1|subj_offset[003_0190],-0.608,0.307,-1.142,0.029,0.008,0.006,1549.0,1189.0,1.0
a_1|subj_offset[003_0191],1.597,0.51,0.627,2.537,0.012,0.01,1909.0,1473.0,1.0
a_1|subj_offset[003_0192],0.366,0.426,-0.404,1.14,0.011,0.011,1675.0,1353.0,1.0
a_1|subj_offset[003_0193],-0.347,0.252,-0.804,0.148,0.007,0.006,1325.0,1575.0,1.0
a_1|subj_offset[003_0194],0.559,0.297,-0.001,1.116,0.007,0.007,1596.0,1659.0,1.0
a_1|subj_offset[003_0195],-0.901,0.233,-1.322,-0.451,0.006,0.005,1496.0,1611.0,1.0
a_1|subj_offset[003_0196],-0.593,0.41,-1.277,0.219,0.011,0.01,1376.0,1129.0,1.0
a_1|subj_offset[003_0197],-0.257,0.244,-0.699,0.202,0.006,0.005,1718.0,1609.0,1.0
a_1|subj_offset[003_0198],0.708,0.311,0.154,1.308,0.008,0.007,1770.0,1525.0,1.0
a_1|subj_offset[003_0199],0.816,0.394,0.093,1.555,0.01,0.01,1713.0,1103.0,1.01
a_1|subj_offset[003_0200],0.153,0.326,-0.441,0.749,0.009,0.008,1519.0,1051.0,1.0
a_1|subj_offset[003_0201],0.371,0.38,-0.302,1.102,0.009,0.008,1785.0,1668.0,1.0
a_1|subj_offset[003_0202],1.135,0.482,0.26,2.026,0.011,0.012,2066.0,1443.0,1.0
a_1|subj_offset[003_0203],-0.56,0.492,-1.411,0.384,0.015,0.019,1100.0,1182.0,1.0
a_1|subj_offset[003_0204],-0.78,0.227,-1.18,-0.328,0.006,0.005,1231.0,1422.0,1.0
a_1|subj_offset[003_0205],0.842,0.347,0.174,1.449,0.008,0.007,2139.0,1751.0,1.0
a_1|subj_offset[003_0206],0.13,0.336,-0.512,0.72,0.009,0.007,1525.0,1336.0,1.0
a_1|subj_offset[003_0207],-0.46,0.219,-0.879,-0.071,0.006,0.005,1420.0,1508.0,1.0
a_1|subj_offset[003_0208],-0.038,0.448,-0.899,0.808,0.011,0.011,1906.0,1300.0,1.0
a_1|subj_offset[003_0209],1.583,0.373,0.913,2.291,0.009,0.007,1761.0,1506.0,1.0
a_1|subj_offset[003_0210],-0.878,0.23,-1.328,-0.471,0.007,0.005,1028.0,1123.0,1.0
a_1|subj_offset[003_0211],2.053,0.578,1.014,3.142,0.015,0.014,1544.0,1072.0,1.0
a_1|subj_offset[003_0212],-0.131,0.303,-0.651,0.443,0.008,0.007,1528.0,1547.0,1.0
a_1|subj_offset[003_0213],-0.8,0.256,-1.245,-0.274,0.008,0.005,1177.0,1481.0,1.0
a_1|subj_offset[003_0214],1.421,0.357,0.772,2.106,0.008,0.007,2103.0,1432.0,1.0
a_1|subj_offset[003_0216],0.364,0.282,-0.137,0.9,0.007,0.006,1791.0,1410.0,1.0
a_1|subj_offset[003_0217],-1.604,0.39,-2.285,-0.884,0.011,0.012,1439.0,1320.0,1.0
a_Intercept,-0.096,0.032,-0.157,-0.036,0.002,0.001,235.0,635.0,1.01
v_tim,-0.003,0.0,-0.003,-0.003,0.0,0.0,2114.0,1736.0,1.0
t_Intercept,0.061,0.055,-0.046,0.155,0.006,0.003,82.0,205.0,1.03
t_1|subj[003_0001],-1.357,0.134,-1.594,-1.099,0.005,0.003,597.0,1312.0,1.0
t_1|subj[003_0002],0.928,0.196,0.541,1.27,0.005,0.005,1334.0,980.0,1.0
t_1|subj[003_0003],-0.048,0.105,-0.26,0.135,0.006,0.003,339.0,800.0,1.01
t_1|subj[003_0004],0.493,0.129,0.254,0.73,0.006,0.002,465.0,1267.0,1.0
t_1|subj[003_0005],1.063,0.094,0.883,1.227,0.006,0.002,271.0,747.0,1.0
t_1|subj[003_0006],-0.267,0.383,-0.814,0.248,0.14,0.007,12.0,611.0,1.14
t_1|subj[003_0007],-1.568,0.153,-1.858,-1.308,0.006,0.004,617.0,1324.0,1.0
t_1|subj[003_0008],0.944,0.164,0.615,1.228,0.006,0.004,769.0,1285.0,1.0
t_1|subj[003_0009],0.471,0.195,0.101,0.831,0.006,0.004,869.0,1247.0,1.0
t_1|subj[003_0010],0.3,0.132,0.056,0.541,0.005,0.003,601.0,1044.0,1.0
t_1|subj[003_0011],0.61,0.08,0.463,0.754,0.007,0.003,129.0,342.0,1.01
t_1|subj[003_0012],-0.1,0.098,-0.279,0.085,0.006,0.002,236.0,835.0,1.01
t_1|subj[003_0013],-0.115,0.118,-0.34,0.087,0.006,0.002,350.0,799.0,1.01
t_1|subj[003_0014],-1.38,0.137,-1.635,-1.141,0.006,0.005,524.0,1062.0,1.0
t_1|subj[003_0015],0.655,0.174,0.332,0.974,0.006,0.004,885.0,1356.0,1.0
t_1|subj[003_0016],0.349,0.2,0.009,0.766,0.007,0.005,889.0,1121.0,1.0
t_1|subj[003_0017],-1.339,0.165,-1.661,-1.062,0.007,0.004,597.0,980.0,1.0
t_1|subj[003_0018],2.921,0.466,2.123,3.866,0.01,0.012,2225.0,1326.0,1.0
t_1|subj[003_0019],-0.98,0.096,-1.155,-0.805,0.006,0.003,196.0,416.0,1.01
t_1|subj[003_0020],0.357,0.096,0.193,0.553,0.006,0.003,221.0,501.0,1.0
t_1|subj[003_0021],0.259,0.102,0.086,0.457,0.006,0.002,335.0,1389.0,1.01
t_1|subj[003_0022],-0.578,0.148,-0.859,-0.318,0.006,0.004,669.0,1349.0,1.01
t_1|subj[003_0023],-1.47,0.097,-1.645,-1.293,0.006,0.002,226.0,611.0,1.0
t_1|subj[003_0024],0.935,0.134,0.685,1.183,0.006,0.002,519.0,1273.0,1.01
t_1|subj[003_0025],0.561,0.119,0.36,0.815,0.006,0.002,374.0,911.0,1.0
t_1|subj[003_0026],0.442,0.107,0.234,0.631,0.006,0.002,293.0,903.0,1.0
t_1|subj[003_0027],0.265,0.107,0.07,0.471,0.006,0.002,352.0,989.0,1.01
t_1|subj[003_0028],1.196,0.088,1.015,1.345,0.006,0.002,189.0,513.0,1.01
t_1|subj[003_0029],0.376,0.191,-0.036,0.73,0.007,0.005,846.0,962.0,1.0
t_1|subj[003_0030],-0.666,0.112,-0.88,-0.462,0.007,0.003,277.0,882.0,1.01
t_1|subj[003_0031],0.752,0.097,0.565,0.93,0.006,0.002,243.0,567.0,1.01
t_1|subj[003_0032],-1.161,0.119,-1.385,-0.935,0.006,0.003,336.0,697.0,1.0
t_1|subj[003_0033],-1.363,0.131,-1.612,-1.133,0.007,0.003,310.0,1041.0,1.01
t_1|subj[003_0034],0.467,0.137,0.227,0.736,0.006,0.004,475.0,1023.0,1.0
t_1|subj[003_0035],-0.745,0.123,-0.969,-0.522,0.006,0.004,352.0,629.0,1.0
t_1|subj[003_0036],0.566,0.141,0.317,0.837,0.006,0.003,527.0,1166.0,1.0
t_1|subj[003_0037],0.868,0.169,0.55,1.171,0.007,0.004,616.0,987.0,1.0
t_1|subj[003_0038],1.092,0.156,0.788,1.367,0.006,0.003,644.0,1252.0,1.0
t_1|subj[003_0039],0.44,0.092,0.263,0.603,0.005,0.002,289.0,579.0,1.01
t_1|subj[003_0040],0.65,0.172,0.346,0.997,0.006,0.004,704.0,1289.0,1.0
t_1|subj[003_0041],0.275,0.117,0.041,0.478,0.006,0.003,393.0,1247.0,1.0
t_1|subj[003_0042],-0.458,0.105,-0.66,-0.272,0.006,0.003,298.0,777.0,1.01
t_1|subj[003_0043],1.558,0.177,1.272,1.905,0.007,0.003,636.0,1486.0,1.01
t_1|subj[003_0044],1.371,0.206,1.014,1.783,0.007,0.004,739.0,1435.0,1.0
t_1|subj[003_0045],-1.652,0.184,-2.013,-1.336,0.008,0.005,568.0,815.0,1.0
t_1|subj[003_0046],-0.996,0.159,-1.296,-0.757,0.008,0.003,411.0,596.0,1.01
t_1|subj[003_0047],0.296,0.2,-0.019,0.646,0.009,0.004,527.0,1027.0,1.0
t_1|subj[003_0048],-1.386,0.196,-1.755,-1.036,0.006,0.005,1259.0,1050.0,1.0
t_1|subj[003_0049],-1.07,0.162,-1.391,-0.801,0.006,0.004,703.0,1179.0,1.0
t_1|subj[003_0050],-0.748,0.147,-1.039,-0.493,0.007,0.003,473.0,1440.0,1.0
t_1|subj[003_0051],-0.896,0.113,-1.113,-0.69,0.006,0.003,356.0,790.0,1.0
t_1|subj[003_0052],-0.085,0.156,-0.399,0.182,0.006,0.004,601.0,1216.0,1.0
t_1|subj[003_0053],0.685,0.208,0.294,1.044,0.006,0.004,1203.0,1408.0,1.0
t_1|subj[003_0054],0.494,0.085,0.332,0.649,0.006,0.002,176.0,544.0,1.01
t_1|subj[003_0055],-1.402,0.118,-1.627,-1.184,0.006,0.003,385.0,827.0,1.01
t_1|subj[003_0056],0.547,0.123,0.325,0.783,0.005,0.002,479.0,1018.0,1.0
t_1|subj[003_0057],0.335,0.096,0.163,0.521,0.006,0.002,261.0,697.0,1.01
t_1|subj[003_0058],0.067,0.187,-0.281,0.396,0.005,0.005,1218.0,1374.0,1.0
t_1|subj[003_0059],1.811,0.249,1.419,2.329,0.008,0.007,938.0,1108.0,1.0
t_1|subj[003_0060],-0.488,0.13,-0.722,-0.251,0.006,0.003,518.0,854.0,1.0
t_1|subj[003_0061],0.003,0.093,-0.18,0.172,0.006,0.002,244.0,581.0,1.01
t_1|subj[003_0062],0.311,0.132,0.072,0.554,0.006,0.003,441.0,1162.0,1.01
t_1|subj[003_0063],0.487,0.134,0.232,0.732,0.006,0.003,442.0,1392.0,1.01
t_1|subj[003_0064],0.252,0.105,0.048,0.442,0.006,0.002,294.0,1016.0,1.01
t_1|subj[003_0066],0.09,0.136,-0.188,0.317,0.006,0.003,446.0,1166.0,1.01
t_1|subj[003_0067],0.214,0.162,-0.115,0.5,0.006,0.004,785.0,1127.0,1.0
t_1|subj[003_0068],-1.654,0.238,-2.092,-1.244,0.007,0.006,1216.0,932.0,1.0
t_1|subj[003_0069],-1.134,0.102,-1.332,-0.961,0.006,0.003,282.0,674.0,1.01
t_1|subj[003_0070],-0.917,0.159,-1.24,-0.65,0.006,0.004,618.0,1271.0,1.0
t_1|subj[003_0071],-0.629,0.119,-0.852,-0.411,0.007,0.002,289.0,1027.0,1.0
t_1|subj[003_0072],0.225,0.116,0.008,0.445,0.006,0.003,373.0,1115.0,1.0
t_1|subj[003_0073],0.433,0.147,0.159,0.702,0.006,0.004,694.0,1409.0,1.01
t_1|subj[003_0074],-0.448,0.096,-0.623,-0.269,0.006,0.002,221.0,764.0,1.01
t_1|subj[003_0075],0.55,0.13,0.308,0.793,0.007,0.003,373.0,977.0,1.01
t_1|subj[003_0076],0.261,0.136,0.033,0.517,0.007,0.003,327.0,675.0,1.01
t_1|subj[003_0077],-0.263,0.112,-0.474,-0.056,0.006,0.003,302.0,641.0,1.0
t_1|subj[003_0078],-0.432,0.13,-0.685,-0.203,0.007,0.003,359.0,1017.0,1.01
t_1|subj[003_0079],-1.175,0.096,-1.341,-0.991,0.005,0.003,289.0,688.0,1.01
t_1|subj[003_0080],-0.076,0.159,-0.367,0.246,0.007,0.004,469.0,1127.0,1.0
t_1|subj[003_0081],-1.533,0.16,-1.816,-1.243,0.006,0.004,644.0,1372.0,1.0
t_1|subj[003_0082],1.378,0.187,0.998,1.705,0.006,0.005,977.0,1277.0,1.0
t_1|subj[003_0083],0.216,0.092,0.049,0.382,0.006,0.002,205.0,767.0,1.01
t_1|subj[003_0084],-0.248,0.111,-0.465,-0.04,0.006,0.003,323.0,1165.0,1.01
t_1|subj[003_0085],-0.173,0.101,-0.372,0.01,0.006,0.003,314.0,662.0,1.0
t_1|subj[003_0086],-1.208,0.119,-1.421,-0.987,0.006,0.003,345.0,764.0,1.0
t_1|subj[003_0087],-0.013,0.111,-0.215,0.201,0.005,0.003,413.0,1055.0,1.0
t_1|subj[003_0088],0.767,0.204,0.404,1.127,0.007,0.003,912.0,1071.0,1.0
t_1|subj[003_0089],-0.275,0.116,-0.475,-0.047,0.006,0.003,392.0,1092.0,1.0
t_1|subj[003_0090],1.028,0.118,0.805,1.252,0.006,0.003,337.0,1101.0,1.0
t_1|subj[003_0091],0.36,0.11,0.156,0.572,0.006,0.003,334.0,883.0,1.0
t_1|subj[003_0092],-0.059,0.139,-0.331,0.182,0.005,0.003,678.0,1119.0,1.0
t_1|subj[003_0093],0.065,0.101,-0.114,0.252,0.006,0.002,313.0,625.0,1.0
t_1|subj[003_0094],2.115,0.419,1.348,2.899,0.011,0.01,1388.0,1383.0,1.0
t_1|subj[003_0095],0.661,0.201,0.301,1.032,0.006,0.004,1022.0,1291.0,1.0
t_1|subj[003_0096],1.187,0.145,0.916,1.466,0.007,0.003,444.0,1381.0,1.01
t_1|subj[003_0097],0.499,0.109,0.301,0.704,0.006,0.002,334.0,984.0,1.01
t_1|subj[003_0098],-0.002,0.154,-0.285,0.284,0.005,0.003,862.0,1341.0,1.0
t_1|subj[003_0100],-0.018,0.106,-0.215,0.174,0.006,0.002,308.0,602.0,1.0
t_1|subj[003_0102],0.276,0.093,0.093,0.44,0.006,0.002,270.0,767.0,1.01
t_1|subj[003_0103],0.166,0.107,-0.039,0.358,0.007,0.003,250.0,773.0,1.01
t_1|subj[003_0104],-0.034,0.138,-0.283,0.244,0.006,0.003,535.0,1151.0,1.0
t_1|subj[003_0105],0.313,0.115,0.106,0.529,0.006,0.005,346.0,770.0,1.0
t_1|subj[003_0106],1.112,0.161,0.809,1.426,0.007,0.004,601.0,1288.0,1.01
t_1|subj[003_0107],0.614,0.3,0.074,0.971,0.057,0.019,51.0,245.0,1.1
t_1|subj[003_0108],-0.352,0.131,-0.595,-0.132,0.006,0.009,471.0,609.0,1.0
t_1|subj[003_0109],0.266,0.1,0.078,0.462,0.005,0.002,351.0,950.0,1.01
t_1|subj[003_0110],-0.297,0.113,-0.527,-0.107,0.006,0.003,296.0,778.0,1.01
t_1|subj[003_0111],0.409,0.152,0.159,0.712,0.006,0.003,637.0,1152.0,1.0
t_1|subj[003_0112],1.503,0.241,1.05,1.966,0.007,0.006,1366.0,1222.0,1.0
t_1|subj[003_0113],0.721,0.114,0.491,0.923,0.006,0.002,309.0,897.0,1.01
t_1|subj[003_0114],-0.997,0.18,-1.342,-0.691,0.007,0.006,644.0,1229.0,1.0
t_1|subj[003_0115],0.456,0.203,0.078,0.842,0.005,0.006,1371.0,1259.0,1.0
t_1|subj[003_0116],0.222,0.191,0.001,0.706,0.054,0.038,19.0,69.0,1.1
t_1|subj[003_0117],-1.318,0.118,-1.523,-1.091,0.005,0.003,521.0,1194.0,1.0
t_1|subj[003_0118],0.472,0.104,0.294,0.68,0.006,0.003,265.0,704.0,1.01
t_1|subj[003_0119],-0.643,0.12,-0.877,-0.434,0.006,0.002,429.0,896.0,1.0
t_1|subj[003_0120],-1.565,0.216,-1.978,-1.213,0.008,0.006,664.0,953.0,1.01
t_1|subj[003_0121],-1.318,0.173,-1.651,-1.001,0.008,0.005,476.0,864.0,1.01
t_1|subj[003_0122],0.583,0.14,0.339,0.848,0.005,0.002,650.0,1134.0,1.0
t_1|subj[003_0123],-1.784,0.198,-2.197,-1.458,0.006,0.005,1022.0,1459.0,1.0
t_1|subj[003_0124],-1.008,0.106,-1.185,-0.783,0.006,0.003,295.0,771.0,1.01
t_1|subj[003_0125],0.973,0.123,0.736,1.187,0.007,0.002,337.0,726.0,1.01
t_1|subj[003_0126],-0.249,0.138,-0.492,0.021,0.007,0.003,402.0,1355.0,1.01
t_1|subj[003_0127],-1.533,0.2,-1.861,-1.146,0.007,0.004,842.0,1120.0,1.0
t_1|subj[003_0128],0.928,0.121,0.697,1.141,0.006,0.002,395.0,1318.0,1.01
t_1|subj[003_0129],1.681,0.221,1.268,2.078,0.006,0.005,1188.0,1249.0,1.0
t_1|subj[003_0130],0.46,0.091,0.289,0.628,0.006,0.002,225.0,823.0,1.01
t_1|subj[003_0131],-0.383,0.135,-0.652,-0.151,0.006,0.003,471.0,1006.0,1.0
t_1|subj[003_0132],-0.856,0.208,-1.242,-0.505,0.008,0.005,613.0,1320.0,1.01
t_1|subj[003_0133],0.453,0.137,0.186,0.703,0.008,0.008,296.0,262.0,1.01
t_1|subj[003_0134],0.328,0.18,0.006,0.706,0.006,0.004,852.0,1331.0,1.0
t_1|subj[003_0135],-0.771,0.16,-1.072,-0.486,0.006,0.004,666.0,1229.0,1.0
t_1|subj[003_0136],1.941,0.381,1.298,2.712,0.01,0.008,1483.0,1629.0,1.0
t_1|subj[003_0137],0.631,0.183,0.297,0.95,0.007,0.003,584.0,1202.0,1.0
t_1|subj[003_0138],0.209,0.115,-0.008,0.42,0.006,0.003,314.0,1000.0,1.0
t_1|subj[003_0139],0.233,0.109,0.045,0.447,0.006,0.003,284.0,977.0,1.01
t_1|subj[003_0140],0.735,0.13,0.492,0.964,0.005,0.003,566.0,1386.0,1.0
t_1|subj[003_0141],-0.51,0.146,-0.773,-0.234,0.006,0.004,601.0,987.0,1.0
t_1|subj[003_0142],-0.416,0.116,-0.647,-0.208,0.005,0.004,458.0,843.0,1.01
t_1|subj[003_0143],0.726,0.153,0.441,1.007,0.007,0.003,520.0,1337.0,1.01
t_1|subj[003_0144],1.753,0.295,1.175,2.295,0.008,0.007,1402.0,1352.0,1.0
t_1|subj[003_0145],-0.032,0.11,-0.22,0.174,0.007,0.003,285.0,1029.0,1.01
t_1|subj[003_0146],0.405,0.126,0.163,0.627,0.007,0.003,306.0,1061.0,1.0
t_1|subj[003_0147],-0.556,0.218,-0.863,-0.176,0.017,0.005,185.0,588.0,1.01
t_1|subj[003_0148],-0.069,0.269,-0.665,0.308,0.015,0.011,426.0,628.0,1.0
t_1|subj[003_0149],0.202,0.084,0.042,0.356,0.006,0.002,195.0,549.0,1.01
t_1|subj[003_0150],0.906,0.16,0.607,1.201,0.008,0.003,430.0,1168.0,1.0
t_1|subj[003_0151],0.317,0.149,0.024,0.58,0.006,0.003,588.0,1014.0,1.01
t_1|subj[003_0152],-0.252,0.236,-0.678,0.132,0.008,0.004,834.0,1245.0,1.01
t_1|subj[003_0153],0.634,0.096,0.448,0.804,0.006,0.004,212.0,534.0,1.01
t_1|subj[003_0154],1.497,0.28,1.028,1.99,0.008,0.004,1191.0,1561.0,1.0
t_1|subj[003_0155],-0.371,0.128,-0.618,-0.152,0.007,0.003,371.0,1002.0,1.01
t_1|subj[003_0156],-0.957,0.187,-1.258,-0.561,0.008,0.004,545.0,1111.0,1.0
t_1|subj[003_0157],0.189,0.173,-0.151,0.485,0.006,0.005,778.0,990.0,1.0
t_1|subj[003_0158],-1.367,0.088,-1.529,-1.208,0.006,0.002,207.0,735.0,1.01
t_1|subj[003_0159],-1.237,0.111,-1.447,-1.043,0.007,0.004,240.0,751.0,1.01
t_1|subj[003_0160],-0.792,0.122,-1.0,-0.551,0.007,0.003,290.0,927.0,1.01
t_1|subj[003_0161],0.165,0.141,-0.101,0.401,0.008,0.002,282.0,428.0,1.01
t_1|subj[003_0163],-0.02,0.119,-0.254,0.194,0.007,0.004,310.0,651.0,1.01
t_1|subj[003_0164],-0.75,0.127,-0.98,-0.516,0.006,0.003,394.0,915.0,1.01
t_1|subj[003_0165],-0.258,0.093,-0.439,-0.094,0.006,0.002,262.0,769.0,1.0
t_1|subj[003_0166],0.222,0.119,-0.009,0.45,0.007,0.003,287.0,827.0,1.01
t_1|subj[003_0167],-0.021,0.11,-0.225,0.162,0.008,0.004,205.0,454.0,1.01
t_1|subj[003_0168],-0.96,0.139,-1.206,-0.704,0.007,0.003,419.0,1054.0,1.0
t_1|subj[003_0169],-0.204,0.123,-0.436,0.03,0.006,0.003,475.0,983.0,1.0
t_1|subj[003_0170],-0.13,0.124,-0.355,0.102,0.006,0.003,388.0,895.0,1.0
t_1|subj[003_0171],-0.687,0.121,-0.918,-0.465,0.006,0.003,361.0,630.0,1.01
t_1|subj[003_0172],-1.15,0.162,-1.426,-0.845,0.007,0.004,508.0,962.0,1.01
t_1|subj[003_0173],-0.698,0.116,-0.918,-0.486,0.007,0.002,271.0,566.0,1.01
t_1|subj[003_0174],-0.472,0.097,-0.652,-0.294,0.007,0.003,214.0,695.0,1.01
t_1|subj[003_0175],-0.023,0.094,-0.202,0.142,0.006,0.002,214.0,521.0,1.01
t_1|subj[003_0176],-0.836,0.134,-1.098,-0.603,0.007,0.004,341.0,1145.0,1.01
t_1|subj[003_0177],1.321,0.244,0.824,1.742,0.008,0.005,935.0,1655.0,1.0
t_1|subj[003_0178],0.474,0.085,0.312,0.634,0.006,0.002,212.0,629.0,1.01
t_1|subj[003_0179],-0.827,0.201,-1.264,-0.521,0.008,0.006,685.0,1374.0,1.0
t_1|subj[003_0180],-1.341,0.144,-1.608,-1.081,0.008,0.004,338.0,1019.0,1.0
t_1|subj[003_0181],0.494,0.138,0.228,0.741,0.006,0.003,464.0,938.0,1.01
t_1|subj[003_0182],0.796,0.156,0.502,1.087,0.005,0.003,862.0,1310.0,1.0
t_1|subj[003_0183],0.419,0.091,0.235,0.575,0.008,0.002,146.0,1150.0,1.02
t_1|subj[003_0184],-0.574,0.149,-0.859,-0.302,0.006,0.004,519.0,1133.0,1.0
t_1|subj[003_0185],-0.104,0.166,-0.369,0.23,0.007,0.004,565.0,1044.0,1.0
t_1|subj[003_0186],0.215,0.138,-0.079,0.444,0.007,0.004,389.0,911.0,1.01
t_1|subj[003_0187],2.418,0.57,1.405,3.314,0.015,0.009,1575.0,1580.0,1.0
t_1|subj[003_0188],-0.978,0.181,-1.298,-0.631,0.007,0.003,620.0,1313.0,1.0
t_1|subj[003_0189],-0.359,0.12,-0.597,-0.154,0.006,0.003,389.0,720.0,1.0
t_1|subj[003_0190],-0.79,0.097,-0.974,-0.608,0.006,0.002,259.0,801.0,1.01
t_1|subj[003_0191],-0.725,0.197,-1.043,-0.3,0.006,0.004,1132.0,1277.0,1.0
t_1|subj[003_0192],-1.7,0.214,-2.071,-1.334,0.009,0.008,577.0,1134.0,1.01
t_1|subj[003_0193],0.54,0.174,0.218,0.862,0.007,0.004,625.0,1006.0,1.0
t_1|subj[003_0194],1.106,0.176,0.75,1.416,0.006,0.003,955.0,1612.0,1.0
t_1|subj[003_0195],1.038,0.162,0.78,1.343,0.006,0.003,601.0,903.0,1.0
t_1|subj[003_0196],-0.281,0.103,-0.485,-0.103,0.006,0.003,271.0,421.0,1.01
t_1|subj[003_0197],-0.438,0.109,-0.651,-0.247,0.005,0.002,396.0,1043.0,1.01
t_1|subj[003_0198],-0.974,0.153,-1.252,-0.701,0.006,0.005,584.0,854.0,1.0
t_1|subj[003_0199],-0.881,0.148,-1.152,-0.589,0.005,0.003,814.0,1262.0,1.0
t_1|subj[003_0200],1.128,0.169,0.822,1.452,0.006,0.004,896.0,1284.0,1.0
t_1|subj[003_0201],0.152,0.108,-0.051,0.348,0.006,0.002,339.0,818.0,1.0
t_1|subj[003_0202],0.873,0.172,0.552,1.196,0.006,0.004,908.0,1313.0,1.0
t_1|subj[003_0203],-1.602,0.13,-1.833,-1.375,0.006,0.005,417.0,660.0,1.0
t_1|subj[003_0204],0.534,0.096,0.355,0.719,0.006,0.003,232.0,461.0,1.01
t_1|subj[003_0205],0.126,0.217,-0.252,0.546,0.008,0.004,814.0,1092.0,1.0
t_1|subj[003_0206],-0.577,0.11,-0.776,-0.374,0.006,0.002,319.0,636.0,1.01
t_1|subj[003_0207],1.286,0.194,0.951,1.683,0.006,0.004,1163.0,1345.0,1.0
t_1|subj[003_0208],-0.585,0.115,-0.8,-0.378,0.006,0.003,337.0,791.0,1.0
t_1|subj[003_0209],0.77,0.285,0.306,1.339,0.008,0.005,1399.0,1516.0,1.0
t_1|subj[003_0210],0.137,0.109,-0.065,0.335,0.006,0.003,292.0,1209.0,1.01
t_1|subj[003_0211],-0.169,0.182,-0.473,0.185,0.008,0.004,555.0,1567.0,1.01
t_1|subj[003_0212],-1.002,0.17,-1.344,-0.728,0.006,0.004,813.0,1210.0,1.0
t_1|subj[003_0213],-0.571,0.091,-0.733,-0.394,0.006,0.003,234.0,553.0,1.0
t_1|subj[003_0214],0.738,0.185,0.38,1.053,0.005,0.005,1174.0,1229.0,1.0
t_1|subj[003_0216],-0.246,0.133,-0.512,0.005,0.006,0.003,501.0,1424.0,1.0
t_1|subj[003_0217],-0.568,0.077,-0.701,-0.422,0.006,0.003,159.0,509.0,1.01
v_1|subj_offset[003_0001],0.991,0.221,0.588,1.434,0.008,0.005,744.0,1109.0,1.0
v_1|subj_offset[003_0002],-0.052,0.126,-0.3,0.178,0.008,0.003,279.0,845.0,1.0
v_1|subj_offset[003_0003],0.296,0.177,-0.036,0.616,0.008,0.004,478.0,1046.0,1.01
v_1|subj_offset[003_0004],0.2,0.156,-0.102,0.478,0.007,0.004,443.0,858.0,1.01
v_1|subj_offset[003_0005],0.364,0.176,0.048,0.707,0.008,0.004,497.0,1115.0,1.01
v_1|subj_offset[003_0006],-0.043,0.175,-0.38,0.278,0.025,0.004,51.0,667.0,1.03
v_1|subj_offset[003_0007],0.472,0.18,0.127,0.814,0.009,0.004,403.0,1391.0,1.0
v_1|subj_offset[003_0008],-2.041,0.156,-2.338,-1.764,0.012,0.004,171.0,670.0,1.02
v_1|subj_offset[003_0009],-0.719,0.112,-0.942,-0.524,0.009,0.003,159.0,342.0,1.01
v_1|subj_offset[003_0010],-0.12,0.125,-0.359,0.108,0.008,0.003,234.0,1094.0,1.01
v_1|subj_offset[003_0011],-1.881,0.199,-2.274,-1.512,0.01,0.005,418.0,931.0,1.01
v_1|subj_offset[003_0012],-0.325,0.137,-0.578,-0.08,0.007,0.004,343.0,830.0,1.0
v_1|subj_offset[003_0013],-2.385,0.19,-2.744,-2.023,0.012,0.005,262.0,615.0,1.01
v_1|subj_offset[003_0014],1.33,0.254,0.841,1.776,0.009,0.007,704.0,1361.0,1.0
v_1|subj_offset[003_0015],0.078,0.129,-0.176,0.31,0.007,0.003,299.0,784.0,1.0
v_1|subj_offset[003_0016],0.67,0.167,0.351,0.97,0.007,0.004,548.0,1279.0,1.0
v_1|subj_offset[003_0017],-2.431,0.182,-2.772,-2.101,0.013,0.004,196.0,503.0,1.01
v_1|subj_offset[003_0018],-0.237,0.103,-0.426,-0.051,0.008,0.003,169.0,248.0,1.01
v_1|subj_offset[003_0019],1.451,0.264,0.952,1.923,0.008,0.007,1137.0,1325.0,1.0
v_1|subj_offset[003_0020],0.477,0.185,0.143,0.831,0.007,0.004,776.0,1266.0,1.0
v_1|subj_offset[003_0021],-0.109,0.14,-0.38,0.144,0.008,0.004,320.0,757.0,1.01
v_1|subj_offset[003_0022],0.737,0.176,0.399,1.05,0.008,0.004,548.0,1305.0,1.0
v_1|subj_offset[003_0023],1.334,0.237,0.932,1.791,0.009,0.006,766.0,1064.0,1.0
v_1|subj_offset[003_0024],0.296,0.142,0.033,0.572,0.007,0.003,445.0,984.0,1.01
v_1|subj_offset[003_0025],-1.019,0.157,-1.305,-0.718,0.009,0.003,316.0,1268.0,1.01
v_1|subj_offset[003_0026],-1.359,0.144,-1.621,-1.075,0.01,0.003,202.0,857.0,1.01
v_1|subj_offset[003_0027],0.183,0.161,-0.132,0.469,0.009,0.004,346.0,945.0,1.01
v_1|subj_offset[003_0028],-1.001,0.173,-1.34,-0.699,0.008,0.004,469.0,1282.0,1.01
v_1|subj_offset[003_0029],-0.871,0.126,-1.104,-0.646,0.01,0.003,168.0,569.0,1.01
v_1|subj_offset[003_0030],1.006,0.196,0.675,1.394,0.008,0.004,529.0,1295.0,1.0
v_1|subj_offset[003_0031],0.036,0.154,-0.24,0.335,0.007,0.004,529.0,1180.0,1.0
v_1|subj_offset[003_0032],0.987,0.198,0.6,1.335,0.008,0.004,614.0,1519.0,1.0
v_1|subj_offset[003_0033],0.24,0.18,-0.089,0.583,0.008,0.004,574.0,938.0,1.0
v_1|subj_offset[003_0034],0.284,0.154,-0.022,0.567,0.007,0.003,497.0,1076.0,1.0
v_1|subj_offset[003_0035],-2.481,0.183,-2.821,-2.136,0.014,0.004,168.0,809.0,1.02
v_1|subj_offset[003_0036],-1.115,0.134,-1.373,-0.868,0.01,0.003,192.0,558.0,1.01
v_1|subj_offset[003_0037],-1.913,0.145,-2.169,-1.629,0.012,0.004,147.0,534.0,1.02
v_1|subj_offset[003_0038],-0.509,0.13,-0.735,-0.249,0.008,0.004,253.0,475.0,1.01
v_1|subj_offset[003_0039],0.017,0.151,-0.275,0.293,0.007,0.003,444.0,850.0,1.01
v_1|subj_offset[003_0040],-2.245,0.166,-2.572,-1.954,0.013,0.004,164.0,435.0,1.02
v_1|subj_offset[003_0041],-0.117,0.136,-0.378,0.134,0.008,0.003,276.0,733.0,1.01
v_1|subj_offset[003_0042],0.061,0.147,-0.232,0.327,0.008,0.004,361.0,716.0,1.0
v_1|subj_offset[003_0043],-1.636,0.176,-1.941,-1.289,0.009,0.004,379.0,665.0,1.01
v_1|subj_offset[003_0044],-0.926,0.144,-1.191,-0.666,0.008,0.003,323.0,592.0,1.01
v_1|subj_offset[003_0045],1.566,0.274,1.097,2.112,0.01,0.006,755.0,1038.0,1.0
v_1|subj_offset[003_0046],1.776,0.311,1.184,2.356,0.01,0.006,997.0,1568.0,1.0
v_1|subj_offset[003_0047],-0.32,0.138,-0.564,-0.05,0.008,0.004,311.0,832.0,1.01
v_1|subj_offset[003_0048],0.483,0.152,0.181,0.76,0.007,0.004,422.0,855.0,1.01
v_1|subj_offset[003_0049],-0.055,0.137,-0.305,0.205,0.009,0.004,257.0,984.0,1.01
v_1|subj_offset[003_0050],0.801,0.182,0.488,1.169,0.008,0.004,560.0,1349.0,1.0
v_1|subj_offset[003_0051],-0.172,0.144,-0.434,0.109,0.008,0.004,312.0,608.0,1.0
v_1|subj_offset[003_0052],-0.369,0.125,-0.587,-0.123,0.007,0.003,282.0,657.0,1.01
v_1|subj_offset[003_0053],-0.706,0.124,-0.941,-0.487,0.009,0.004,216.0,478.0,1.01
v_1|subj_offset[003_0054],-0.522,0.154,-0.799,-0.233,0.008,0.005,408.0,711.0,1.0
v_1|subj_offset[003_0055],0.824,0.194,0.481,1.205,0.008,0.004,535.0,1245.0,1.01
v_1|subj_offset[003_0056],0.808,0.178,0.49,1.143,0.008,0.004,545.0,1229.0,1.0
v_1|subj_offset[003_0057],0.431,0.166,0.096,0.728,0.007,0.004,503.0,1111.0,1.0
v_1|subj_offset[003_0058],-0.629,0.107,-0.836,-0.437,0.009,0.003,149.0,635.0,1.01
v_1|subj_offset[003_0059],-2.873,0.204,-3.257,-2.494,0.013,0.005,244.0,611.0,1.02
v_1|subj_offset[003_0060],0.853,0.189,0.527,1.222,0.008,0.004,613.0,1164.0,1.0
v_1|subj_offset[003_0061],-0.14,0.145,-0.413,0.126,0.008,0.003,335.0,863.0,1.0
v_1|subj_offset[003_0062],-1.094,0.148,-1.365,-0.805,0.01,0.004,231.0,726.0,1.01
v_1|subj_offset[003_0063],-0.978,0.128,-1.232,-0.757,0.01,0.003,169.0,427.0,1.01
v_1|subj_offset[003_0064],0.773,0.183,0.438,1.124,0.007,0.004,663.0,1240.0,1.0
v_1|subj_offset[003_0066],-0.409,0.134,-0.647,-0.137,0.009,0.004,242.0,718.0,1.01
v_1|subj_offset[003_0067],-0.534,0.123,-0.747,-0.29,0.009,0.003,180.0,657.0,1.01
v_1|subj_offset[003_0068],0.544,0.15,0.275,0.837,0.008,0.004,384.0,928.0,1.0
v_1|subj_offset[003_0069],0.451,0.184,0.087,0.782,0.007,0.004,692.0,1150.0,1.0
v_1|subj_offset[003_0070],-0.372,0.123,-0.606,-0.144,0.009,0.003,199.0,769.0,1.01
v_1|subj_offset[003_0071],-0.197,0.139,-0.443,0.06,0.009,0.004,251.0,661.0,1.01
v_1|subj_offset[003_0072],-0.677,0.146,-0.96,-0.416,0.007,0.004,391.0,682.0,1.01
v_1|subj_offset[003_0073],-0.059,0.132,-0.292,0.202,0.008,0.003,266.0,695.0,1.0
v_1|subj_offset[003_0074],0.502,0.165,0.207,0.83,0.006,0.004,833.0,1276.0,1.0
v_1|subj_offset[003_0075],-0.936,0.139,-1.215,-0.697,0.008,0.004,286.0,627.0,1.01
v_1|subj_offset[003_0076],-0.074,0.154,-0.359,0.213,0.007,0.004,478.0,963.0,1.0
v_1|subj_offset[003_0077],1.354,0.222,0.904,1.741,0.009,0.005,613.0,1131.0,1.0
v_1|subj_offset[003_0078],1.076,0.206,0.678,1.459,0.009,0.005,565.0,802.0,1.0
v_1|subj_offset[003_0079],3.179,0.391,2.434,3.895,0.011,0.007,1220.0,1393.0,1.0
v_1|subj_offset[003_0080],-1.584,0.143,-1.854,-1.321,0.01,0.004,194.0,549.0,1.02
v_1|subj_offset[003_0081],0.568,0.176,0.262,0.925,0.008,0.003,516.0,1472.0,1.0
v_1|subj_offset[003_0082],-0.349,0.126,-0.592,-0.128,0.01,0.004,175.0,564.0,1.01
v_1|subj_offset[003_0083],-0.524,0.15,-0.805,-0.245,0.007,0.004,444.0,818.0,1.0
v_1|subj_offset[003_0084],0.584,0.164,0.288,0.9,0.007,0.003,616.0,1135.0,1.0
v_1|subj_offset[003_0085],0.224,0.144,-0.056,0.48,0.006,0.003,536.0,1189.0,1.0
v_1|subj_offset[003_0086],1.716,0.305,1.149,2.251,0.008,0.006,1366.0,1265.0,1.0
v_1|subj_offset[003_0087],0.391,0.154,0.103,0.678,0.007,0.003,517.0,958.0,1.0
v_1|subj_offset[003_0088],-1.627,0.148,-1.911,-1.361,0.01,0.004,204.0,723.0,1.01
v_1|subj_offset[003_0089],-2.613,0.182,-2.922,-2.248,0.013,0.004,193.0,560.0,1.02
v_1|subj_offset[003_0090],0.566,0.165,0.257,0.859,0.008,0.003,414.0,1358.0,1.0
v_1|subj_offset[003_0091],-1.109,0.147,-1.379,-0.842,0.01,0.004,211.0,583.0,1.01
v_1|subj_offset[003_0092],0.563,0.173,0.24,0.902,0.009,0.004,410.0,962.0,1.01
v_1|subj_offset[003_0093],0.849,0.206,0.435,1.21,0.007,0.005,908.0,1085.0,1.0
v_1|subj_offset[003_0094],-1.104,0.119,-1.324,-0.888,0.01,0.003,136.0,576.0,1.01
v_1|subj_offset[003_0095],-1.099,0.12,-1.327,-0.884,0.01,0.003,140.0,457.0,1.02
v_1|subj_offset[003_0096],-1.19,0.149,-1.487,-0.935,0.011,0.004,201.0,395.0,1.01
v_1|subj_offset[003_0097],0.134,0.149,-0.129,0.42,0.006,0.004,543.0,1036.0,1.0
v_1|subj_offset[003_0098],-0.923,0.125,-1.152,-0.686,0.01,0.004,153.0,633.0,1.01
v_1|subj_offset[003_0100],0.194,0.144,-0.079,0.463,0.008,0.003,330.0,880.0,1.0
v_1|subj_offset[003_0102],0.317,0.16,0.037,0.636,0.008,0.004,373.0,1197.0,1.01
v_1|subj_offset[003_0103],-0.426,0.143,-0.696,-0.155,0.008,0.003,316.0,983.0,1.01
v_1|subj_offset[003_0104],0.388,0.144,0.121,0.663,0.008,0.004,306.0,419.0,1.0
v_1|subj_offset[003_0105],-1.873,0.169,-2.2,-1.569,0.011,0.004,252.0,529.0,1.01
v_1|subj_offset[003_0106],-1.495,0.147,-1.763,-1.217,0.011,0.004,185.0,521.0,1.02
v_1|subj_offset[003_0107],-1.587,0.169,-1.892,-1.262,0.01,0.004,302.0,759.0,1.01
v_1|subj_offset[003_0108],0.05,0.143,-0.218,0.318,0.007,0.004,424.0,918.0,1.0
v_1|subj_offset[003_0109],-1.704,0.17,-2.006,-1.394,0.011,0.004,253.0,823.0,1.01
v_1|subj_offset[003_0110],1.642,0.351,1.046,2.345,0.012,0.007,872.0,925.0,1.0
v_1|subj_offset[003_0111],0.255,0.16,-0.052,0.554,0.008,0.004,404.0,1053.0,1.0
v_1|subj_offset[003_0112],-0.249,0.131,-0.468,0.034,0.009,0.003,199.0,563.0,1.01
v_1|subj_offset[003_0113],-0.066,0.143,-0.338,0.204,0.009,0.003,258.0,976.0,1.01
v_1|subj_offset[003_0114],0.332,0.156,0.061,0.636,0.007,0.003,510.0,1076.0,1.0
v_1|subj_offset[003_0115],-0.779,0.117,-1.006,-0.562,0.009,0.004,172.0,423.0,1.01
v_1|subj_offset[003_0116],-0.586,0.165,-0.882,-0.267,0.011,0.004,235.0,636.0,1.01
v_1|subj_offset[003_0117],1.542,0.268,1.05,2.048,0.008,0.005,1054.0,1376.0,1.0
v_1|subj_offset[003_0118],0.482,0.167,0.174,0.786,0.009,0.003,322.0,735.0,1.01
v_1|subj_offset[003_0119],1.317,0.246,0.857,1.79,0.008,0.005,865.0,1395.0,1.0
v_1|subj_offset[003_0120],1.144,0.257,0.67,1.633,0.009,0.006,774.0,1223.0,1.0
v_1|subj_offset[003_0121],0.627,0.178,0.314,0.98,0.008,0.004,450.0,836.0,1.01
v_1|subj_offset[003_0122],0.188,0.159,-0.092,0.494,0.009,0.004,328.0,656.0,1.0
v_1|subj_offset[003_0123],0.655,0.177,0.32,0.974,0.007,0.004,678.0,1135.0,1.0
v_1|subj_offset[003_0124],1.623,0.249,1.181,2.096,0.009,0.004,755.0,1258.0,1.0
v_1|subj_offset[003_0125],-0.324,0.138,-0.578,-0.081,0.007,0.003,340.0,695.0,1.0
v_1|subj_offset[003_0126],0.267,0.144,-0.015,0.526,0.008,0.003,333.0,1104.0,1.0
v_1|subj_offset[003_0127],1.748,0.274,1.264,2.262,0.01,0.005,807.0,1519.0,1.0
v_1|subj_offset[003_0128],-0.884,0.145,-1.148,-0.601,0.009,0.004,250.0,873.0,1.01
v_1|subj_offset[003_0129],-0.085,0.129,-0.323,0.153,0.008,0.004,245.0,679.0,1.01
v_1|subj_offset[003_0130],-0.244,0.156,-0.522,0.051,0.007,0.005,482.0,766.0,1.0
v_1|subj_offset[003_0131],-0.027,0.146,-0.291,0.247,0.008,0.005,326.0,588.0,1.01
v_1|subj_offset[003_0132],0.746,0.19,0.417,1.12,0.009,0.004,446.0,1344.0,1.01
v_1|subj_offset[003_0133],0.201,0.167,-0.095,0.523,0.007,0.004,577.0,1327.0,1.01
v_1|subj_offset[003_0134],-0.07,0.124,-0.319,0.147,0.008,0.003,232.0,755.0,1.01
v_1|subj_offset[003_0135],-0.015,0.124,-0.267,0.207,0.008,0.003,250.0,603.0,1.01
v_1|subj_offset[003_0136],-0.242,0.135,-0.485,0.023,0.008,0.003,295.0,798.0,1.0
v_1|subj_offset[003_0137],0.017,0.127,-0.221,0.266,0.007,0.003,359.0,865.0,1.0
v_1|subj_offset[003_0138],-0.506,0.138,-0.753,-0.247,0.008,0.004,300.0,887.0,1.01
v_1|subj_offset[003_0139],-0.547,0.14,-0.804,-0.276,0.009,0.004,269.0,694.0,1.01
v_1|subj_offset[003_0140],1.205,0.207,0.811,1.589,0.009,0.005,575.0,970.0,1.0
v_1|subj_offset[003_0141],0.596,0.18,0.27,0.939,0.007,0.004,684.0,1234.0,1.0
v_1|subj_offset[003_0142],-1.099,0.134,-1.338,-0.839,0.01,0.003,196.0,677.0,1.01
v_1|subj_offset[003_0143],0.163,0.14,-0.094,0.423,0.008,0.003,296.0,657.0,1.01
v_1|subj_offset[003_0144],-1.121,0.131,-1.381,-0.893,0.011,0.003,130.0,579.0,1.02
v_1|subj_offset[003_0145],0.615,0.183,0.28,0.979,0.009,0.005,407.0,1236.0,1.01
v_1|subj_offset[003_0146],1.098,0.22,0.672,1.494,0.009,0.005,624.0,1217.0,1.0
v_1|subj_offset[003_0147],-0.278,0.145,-0.525,0.006,0.009,0.004,294.0,787.0,1.0
v_1|subj_offset[003_0148],-0.342,0.124,-0.574,-0.105,0.008,0.004,253.0,724.0,1.01
v_1|subj_offset[003_0149],0.637,0.184,0.278,0.96,0.009,0.004,421.0,1171.0,1.0
v_1|subj_offset[003_0150],-0.417,0.129,-0.662,-0.18,0.008,0.003,241.0,783.0,1.01
v_1|subj_offset[003_0151],-0.464,0.118,-0.691,-0.239,0.008,0.003,200.0,564.0,1.01
v_1|subj_offset[003_0152],0.205,0.141,-0.057,0.471,0.007,0.003,370.0,1076.0,1.0
v_1|subj_offset[003_0153],-0.703,0.161,-0.988,-0.383,0.009,0.004,349.0,861.0,1.01
v_1|subj_offset[003_0154],-1.13,0.136,-1.382,-0.875,0.009,0.003,245.0,640.0,1.01
v_1|subj_offset[003_0155],-0.396,0.13,-0.639,-0.151,0.008,0.003,257.0,919.0,1.01
v_1|subj_offset[003_0156],-0.364,0.128,-0.603,-0.132,0.01,0.004,171.0,560.0,1.01
v_1|subj_offset[003_0157],-1.177,0.121,-1.421,-0.963,0.01,0.003,142.0,392.0,1.01
v_1|subj_offset[003_0158],1.97,0.324,1.402,2.609,0.01,0.006,1085.0,1597.0,1.0
v_1|subj_offset[003_0159],1.57,0.24,1.155,2.04,0.009,0.005,724.0,1506.0,1.0
v_1|subj_offset[003_0160],1.13,0.225,0.693,1.531,0.008,0.005,759.0,1316.0,1.0
v_1|subj_offset[003_0161],-0.833,0.152,-1.117,-0.535,0.01,0.004,252.0,520.0,1.01
v_1|subj_offset[003_0163],-1.647,0.176,-1.973,-1.301,0.012,0.004,222.0,734.0,1.01
v_1|subj_offset[003_0164],0.945,0.2,0.568,1.311,0.008,0.004,575.0,1180.0,1.0
v_1|subj_offset[003_0165],0.282,0.155,0.013,0.585,0.007,0.004,485.0,912.0,1.0
v_1|subj_offset[003_0166],-0.311,0.136,-0.578,-0.067,0.008,0.003,263.0,712.0,1.01
v_1|subj_offset[003_0167],1.099,0.217,0.733,1.54,0.008,0.005,718.0,1334.0,1.0
v_1|subj_offset[003_0168],0.803,0.192,0.465,1.162,0.007,0.004,764.0,1387.0,1.0
v_1|subj_offset[003_0169],-0.323,0.135,-0.57,-0.074,0.009,0.004,209.0,732.0,1.01
v_1|subj_offset[003_0170],0.239,0.151,-0.06,0.509,0.008,0.004,365.0,863.0,1.0
v_1|subj_offset[003_0171],0.705,0.191,0.343,1.059,0.007,0.004,680.0,1058.0,1.0
v_1|subj_offset[003_0172],2.011,0.31,1.445,2.59,0.009,0.006,1252.0,1542.0,1.0
v_1|subj_offset[003_0173],2.574,0.301,2.033,3.169,0.013,0.006,546.0,1282.0,1.01
v_1|subj_offset[003_0174],0.767,0.183,0.432,1.122,0.008,0.004,528.0,1242.0,1.0
v_1|subj_offset[003_0175],0.024,0.159,-0.24,0.363,0.008,0.003,414.0,1101.0,1.0
v_1|subj_offset[003_0176],-0.423,0.136,-0.656,-0.15,0.009,0.003,237.0,889.0,1.01
v_1|subj_offset[003_0177],-0.198,0.137,-0.451,0.064,0.009,0.003,259.0,879.0,1.01
v_1|subj_offset[003_0178],0.218,0.165,-0.071,0.535,0.007,0.004,614.0,1016.0,1.0
v_1|subj_offset[003_0179],0.442,0.157,0.155,0.742,0.008,0.004,382.0,579.0,1.0
v_1|subj_offset[003_0180],1.429,0.247,0.918,1.844,0.009,0.005,731.0,1468.0,1.0
v_1|subj_offset[003_0181],-0.637,0.137,-0.896,-0.377,0.011,0.003,167.0,751.0,1.01
v_1|subj_offset[003_0182],-0.578,0.123,-0.816,-0.346,0.009,0.004,181.0,408.0,1.01
v_1|subj_offset[003_0183],0.101,0.158,-0.18,0.41,0.008,0.003,363.0,1096.0,1.01
v_1|subj_offset[003_0184],0.634,0.176,0.311,0.971,0.008,0.004,544.0,1092.0,1.0
v_1|subj_offset[003_0185],0.412,0.149,0.154,0.716,0.007,0.004,445.0,1119.0,1.01
v_1|subj_offset[003_0186],-0.525,0.147,-0.801,-0.259,0.009,0.004,298.0,709.0,1.01
v_1|subj_offset[003_0187],0.339,0.148,0.073,0.616,0.008,0.003,307.0,788.0,1.01
v_1|subj_offset[003_0188],0.445,0.161,0.15,0.745,0.008,0.004,443.0,1148.0,1.01
v_1|subj_offset[003_0189],-0.787,0.129,-1.027,-0.55,0.009,0.003,213.0,866.0,1.01
v_1|subj_offset[003_0190],0.779,0.191,0.437,1.142,0.008,0.005,597.0,887.0,1.0
v_1|subj_offset[003_0191],0.389,0.157,0.076,0.659,0.006,0.003,639.0,1208.0,1.0
v_1|subj_offset[003_0192],0.727,0.184,0.363,1.057,0.007,0.003,682.0,1099.0,1.0
v_1|subj_offset[003_0193],-1.608,0.144,-1.871,-1.348,0.012,0.004,129.0,555.0,1.02
v_1|subj_offset[003_0194],-0.29,0.126,-0.538,-0.063,0.008,0.003,238.0,752.0,1.01
v_1|subj_offset[003_0195],-0.767,0.144,-1.023,-0.478,0.009,0.003,277.0,436.0,1.01
v_1|subj_offset[003_0196],1.222,0.247,0.752,1.675,0.009,0.005,713.0,1425.0,1.0
v_1|subj_offset[003_0197],-0.564,0.131,-0.822,-0.329,0.008,0.003,244.0,690.0,1.01
v_1|subj_offset[003_0198],-0.21,0.125,-0.439,0.034,0.008,0.004,223.0,635.0,1.01
v_1|subj_offset[003_0199],0.303,0.156,0.027,0.606,0.007,0.003,434.0,1303.0,1.0
v_1|subj_offset[003_0200],-0.011,0.135,-0.263,0.236,0.008,0.003,299.0,1073.0,1.0
v_1|subj_offset[003_0201],0.724,0.182,0.358,1.032,0.008,0.004,558.0,1428.0,1.0
v_1|subj_offset[003_0202],0.566,0.169,0.272,0.892,0.007,0.004,588.0,756.0,1.01
v_1|subj_offset[003_0203],2.113,0.35,1.458,2.783,0.01,0.01,1187.0,1224.0,1.0
v_1|subj_offset[003_0204],-0.374,0.147,-0.629,-0.085,0.008,0.003,335.0,1086.0,1.0
v_1|subj_offset[003_0205],-0.195,0.123,-0.418,0.035,0.008,0.003,228.0,563.0,1.01
v_1|subj_offset[003_0206],0.544,0.161,0.227,0.843,0.007,0.003,590.0,1106.0,1.01
v_1|subj_offset[003_0207],-1.663,0.149,-1.941,-1.378,0.012,0.004,156.0,716.0,1.02
v_1|subj_offset[003_0208],1.205,0.226,0.77,1.596,0.008,0.005,783.0,1325.0,1.0
v_1|subj_offset[003_0209],-0.902,0.111,-1.113,-0.707,0.009,0.003,150.0,436.0,1.02
v_1|subj_offset[003_0210],-0.616,0.138,-0.866,-0.356,0.008,0.004,335.0,850.0,1.01
v_1|subj_offset[003_0211],0.377,0.159,0.086,0.682,0.008,0.003,395.0,1251.0,1.01
v_1|subj_offset[003_0212],0.054,0.147,-0.211,0.346,0.009,0.004,293.0,771.0,1.0
v_1|subj_offset[003_0213],0.239,0.158,-0.082,0.513,0.008,0.004,448.0,750.0,1.0
v_1|subj_offset[003_0214],-0.546,0.115,-0.768,-0.336,0.009,0.003,178.0,372.0,1.01
v_1|subj_offset[003_0216],-0.282,0.132,-0.509,-0.018,0.008,0.004,255.0,677.0,1.01
v_1|subj_offset[003_0217],2.128,0.32,1.517,2.713,0.01,0.006,1038.0,1386.0,1.0
v_val,0.157,0.002,0.153,0.161,0.0,0.0,2961.0,1325.0,1.0
t_1|subj_offset[003_0001],-1.569,0.173,-1.9,-1.267,0.009,0.004,329.0,1132.0,1.0
t_1|subj_offset[003_0002],1.073,0.234,0.638,1.49,0.007,0.006,1059.0,1089.0,1.0
t_1|subj_offset[003_0003],-0.056,0.122,-0.292,0.163,0.007,0.003,337.0,833.0,1.01
t_1|subj_offset[003_0004],0.57,0.152,0.277,0.828,0.007,0.003,461.0,1227.0,1.0
t_1|subj_offset[003_0005],1.229,0.123,0.998,1.455,0.007,0.003,303.0,741.0,1.0
t_1|subj_offset[003_0006],-0.309,0.443,-0.927,0.313,0.16,0.008,12.0,474.0,1.13
t_1|subj_offset[003_0007],-1.813,0.2,-2.149,-1.438,0.011,0.005,346.0,1003.0,1.0
t_1|subj_offset[003_0008],1.091,0.197,0.712,1.453,0.008,0.004,668.0,1171.0,1.0
t_1|subj_offset[003_0009],0.545,0.228,0.127,0.98,0.008,0.005,844.0,1302.0,1.0
t_1|subj_offset[003_0010],0.347,0.153,0.07,0.642,0.006,0.003,621.0,1088.0,1.0
t_1|subj_offset[003_0011],0.706,0.099,0.523,0.901,0.008,0.003,164.0,432.0,1.01
t_1|subj_offset[003_0012],-0.116,0.114,-0.321,0.098,0.007,0.002,230.0,1013.0,1.01
t_1|subj_offset[003_0013],-0.133,0.136,-0.385,0.106,0.007,0.003,355.0,773.0,1.01
t_1|subj_offset[003_0014],-1.596,0.178,-1.944,-1.301,0.01,0.006,322.0,703.0,1.0
t_1|subj_offset[003_0015],0.757,0.204,0.377,1.138,0.007,0.004,845.0,1396.0,1.0
t_1|subj_offset[003_0016],0.404,0.233,-0.028,0.858,0.008,0.005,896.0,1129.0,1.0
t_1|subj_offset[003_0017],-1.549,0.204,-1.935,-1.19,0.011,0.005,363.0,835.0,1.0
t_1|subj_offset[003_0018],3.373,0.533,2.398,4.387,0.01,0.014,2709.0,1361.0,1.0
t_1|subj_offset[003_0019],-1.133,0.125,-1.362,-0.906,0.009,0.004,167.0,329.0,1.01
t_1|subj_offset[003_0020],0.413,0.113,0.205,0.629,0.007,0.003,240.0,465.0,1.0
t_1|subj_offset[003_0021],0.3,0.118,0.099,0.541,0.006,0.002,344.0,1233.0,1.01
t_1|subj_offset[003_0022],-0.668,0.173,-1.008,-0.371,0.007,0.005,590.0,1226.0,1.01
t_1|subj_offset[003_0023],-1.7,0.142,-1.959,-1.441,0.011,0.005,174.0,528.0,1.0
t_1|subj_offset[003_0024],1.08,0.163,0.763,1.37,0.008,0.003,456.0,1509.0,1.01
t_1|subj_offset[003_0025],0.649,0.14,0.404,0.93,0.007,0.003,400.0,790.0,1.0
t_1|subj_offset[003_0026],0.511,0.127,0.28,0.752,0.007,0.003,318.0,1152.0,1.0
t_1|subj_offset[003_0027],0.307,0.125,0.068,0.534,0.007,0.002,360.0,832.0,1.01
t_1|subj_offset[003_0028],1.383,0.124,1.151,1.612,0.008,0.003,230.0,632.0,1.01
t_1|subj_offset[003_0029],0.434,0.222,-0.062,0.833,0.008,0.007,868.0,962.0,1.0
t_1|subj_offset[003_0030],-0.77,0.135,-1.03,-0.524,0.009,0.003,242.0,434.0,1.01
t_1|subj_offset[003_0031],0.869,0.12,0.639,1.085,0.007,0.003,279.0,824.0,1.01
t_1|subj_offset[003_0032],-1.343,0.152,-1.63,-1.064,0.01,0.004,242.0,593.0,1.0
t_1|subj_offset[003_0033],-1.576,0.17,-1.929,-1.298,0.011,0.004,229.0,699.0,1.01
t_1|subj_offset[003_0034],0.54,0.161,0.223,0.823,0.007,0.004,504.0,1074.0,1.0
t_1|subj_offset[003_0035],-0.861,0.148,-1.151,-0.614,0.008,0.004,305.0,664.0,1.0
t_1|subj_offset[003_0036],0.654,0.165,0.355,0.974,0.007,0.003,549.0,1174.0,1.0
t_1|subj_offset[003_0037],1.003,0.201,0.638,1.376,0.008,0.005,563.0,1137.0,1.0
t_1|subj_offset[003_0038],1.262,0.19,0.886,1.595,0.008,0.004,566.0,1140.0,1.0
t_1|subj_offset[003_0039],0.509,0.11,0.297,0.709,0.006,0.003,306.0,887.0,1.01
t_1|subj_offset[003_0040],0.752,0.202,0.41,1.179,0.008,0.004,650.0,1069.0,1.0
t_1|subj_offset[003_0041],0.318,0.136,0.041,0.548,0.007,0.003,413.0,1083.0,1.0
t_1|subj_offset[003_0042],-0.529,0.124,-0.753,-0.303,0.008,0.003,268.0,743.0,1.01
t_1|subj_offset[003_0043],1.801,0.217,1.42,2.217,0.009,0.004,561.0,1025.0,1.0
t_1|subj_offset[003_0044],1.585,0.248,1.116,2.051,0.01,0.005,655.0,1294.0,1.0
t_1|subj_offset[003_0045],-1.909,0.23,-2.363,-1.526,0.013,0.007,336.0,783.0,1.0
t_1|subj_offset[003_0046],-1.151,0.19,-1.505,-0.841,0.009,0.004,385.0,659.0,1.01
t_1|subj_offset[003_0047],0.342,0.232,-0.021,0.764,0.01,0.004,530.0,871.0,1.0
t_1|subj_offset[003_0048],-1.603,0.238,-2.021,-1.153,0.008,0.006,748.0,1061.0,1.0
t_1|subj_offset[003_0049],-1.238,0.197,-1.605,-0.89,0.009,0.005,533.0,1090.0,1.0
t_1|subj_offset[003_0050],-0.866,0.176,-1.204,-0.551,0.009,0.004,354.0,1205.0,1.0
t_1|subj_offset[003_0051],-1.036,0.139,-1.298,-0.78,0.008,0.003,288.0,879.0,1.01
t_1|subj_offset[003_0052],-0.099,0.181,-0.465,0.217,0.007,0.005,605.0,1221.0,1.0
t_1|subj_offset[003_0053],0.792,0.244,0.321,1.211,0.007,0.005,1163.0,1217.0,1.0
t_1|subj_offset[003_0054],0.571,0.102,0.387,0.761,0.007,0.003,202.0,776.0,1.01
t_1|subj_offset[003_0055],-1.621,0.16,-1.929,-1.317,0.01,0.005,245.0,498.0,1.01
t_1|subj_offset[003_0056],0.633,0.146,0.36,0.9,0.006,0.003,478.0,796.0,1.0
t_1|subj_offset[003_0057],0.387,0.111,0.183,0.604,0.007,0.002,279.0,747.0,1.01
t_1|subj_offset[003_0058],0.077,0.217,-0.318,0.479,0.006,0.006,1232.0,1361.0,1.0
t_1|subj_offset[003_0059],2.094,0.305,1.6,2.686,0.011,0.008,703.0,1013.0,1.0
t_1|subj_offset[003_0060],-0.564,0.153,-0.849,-0.294,0.007,0.004,453.0,961.0,1.0
t_1|subj_offset[003_0061],0.003,0.108,-0.212,0.191,0.007,0.002,243.0,595.0,1.01
t_1|subj_offset[003_0062],0.36,0.153,0.087,0.653,0.007,0.003,464.0,1133.0,1.01
t_1|subj_offset[003_0063],0.564,0.159,0.266,0.859,0.007,0.003,467.0,1311.0,1.01
t_1|subj_offset[003_0064],0.291,0.122,0.056,0.511,0.007,0.003,312.0,1031.0,1.01
t_1|subj_offset[003_0066],0.104,0.158,-0.182,0.408,0.007,0.004,452.0,1096.0,1.01
t_1|subj_offset[003_0067],0.247,0.188,-0.112,0.599,0.006,0.005,866.0,1171.0,1.0
t_1|subj_offset[003_0068],-1.912,0.293,-2.45,-1.387,0.012,0.008,622.0,986.0,1.0
t_1|subj_offset[003_0069],-1.311,0.135,-1.563,-1.071,0.01,0.004,201.0,523.0,1.01
t_1|subj_offset[003_0070],-1.06,0.187,-1.423,-0.724,0.009,0.004,481.0,1261.0,1.0
t_1|subj_offset[003_0071],-0.727,0.144,-0.993,-0.464,0.009,0.003,259.0,930.0,1.0
t_1|subj_offset[003_0072],0.261,0.134,0.004,0.511,0.007,0.003,392.0,997.0,1.0
t_1|subj_offset[003_0073],0.501,0.171,0.202,0.843,0.006,0.005,689.0,1514.0,1.01
t_1|subj_offset[003_0074],-0.517,0.114,-0.721,-0.3,0.008,0.003,197.0,775.0,1.01
t_1|subj_offset[003_0075],0.637,0.155,0.359,0.94,0.008,0.004,403.0,1118.0,1.01
t_1|subj_offset[003_0076],0.302,0.159,0.043,0.604,0.009,0.003,335.0,899.0,1.01
t_1|subj_offset[003_0077],-0.304,0.13,-0.55,-0.064,0.008,0.003,278.0,617.0,1.0
t_1|subj_offset[003_0078],-0.499,0.152,-0.774,-0.207,0.008,0.003,332.0,1116.0,1.01
t_1|subj_offset[003_0079],-1.358,0.128,-1.587,-1.12,0.009,0.004,216.0,540.0,1.01
t_1|subj_offset[003_0080],-0.087,0.183,-0.411,0.297,0.008,0.004,472.0,1017.0,1.0
t_1|subj_offset[003_0081],-1.772,0.205,-2.163,-1.425,0.011,0.005,338.0,877.0,1.0
t_1|subj_offset[003_0082],1.593,0.23,1.172,2.033,0.009,0.006,640.0,940.0,1.0
t_1|subj_offset[003_0083],0.249,0.107,0.059,0.445,0.007,0.002,212.0,679.0,1.01
t_1|subj_offset[003_0084],-0.286,0.129,-0.56,-0.074,0.008,0.003,298.0,1111.0,1.01
t_1|subj_offset[003_0085],-0.2,0.117,-0.42,0.022,0.007,0.003,302.0,642.0,1.0
t_1|subj_offset[003_0086],-1.397,0.155,-1.692,-1.122,0.009,0.004,266.0,814.0,1.0
t_1|subj_offset[003_0087],-0.015,0.128,-0.252,0.229,0.006,0.003,416.0,1046.0,1.0
t_1|subj_offset[003_0088],0.887,0.239,0.444,1.291,0.008,0.004,947.0,1428.0,1.0
t_1|subj_offset[003_0089],-0.318,0.135,-0.568,-0.07,0.007,0.003,387.0,1057.0,1.0
t_1|subj_offset[003_0090],1.188,0.148,0.906,1.455,0.008,0.004,353.0,941.0,1.0
t_1|subj_offset[003_0091],0.417,0.129,0.167,0.646,0.007,0.003,350.0,1147.0,1.0
t_1|subj_offset[003_0092],-0.068,0.161,-0.373,0.218,0.006,0.003,669.0,1103.0,1.0
t_1|subj_offset[003_0093],0.076,0.117,-0.129,0.296,0.007,0.002,317.0,748.0,1.0
t_1|subj_offset[003_0094],2.441,0.477,1.607,3.373,0.011,0.01,1946.0,1443.0,1.0
t_1|subj_offset[003_0095],0.765,0.236,0.342,1.208,0.008,0.005,856.0,1322.0,1.0
t_1|subj_offset[003_0096],1.372,0.182,1.03,1.714,0.01,0.004,359.0,1107.0,1.01
t_1|subj_offset[003_0097],0.577,0.13,0.342,0.828,0.007,0.003,373.0,806.0,1.01
t_1|subj_offset[003_0098],-0.003,0.178,-0.321,0.346,0.006,0.004,861.0,1278.0,1.0
t_1|subj_offset[003_0100],-0.021,0.122,-0.25,0.2,0.007,0.003,309.0,597.0,1.0
t_1|subj_offset[003_0102],0.319,0.109,0.099,0.51,0.006,0.002,282.0,896.0,1.01
t_1|subj_offset[003_0103],0.192,0.124,-0.046,0.422,0.008,0.004,260.0,800.0,1.01
t_1|subj_offset[003_0104],-0.039,0.159,-0.333,0.276,0.007,0.004,532.0,1152.0,1.0
t_1|subj_offset[003_0105],0.362,0.133,0.092,0.587,0.006,0.005,377.0,809.0,1.0
t_1|subj_offset[003_0106],1.286,0.199,0.903,1.644,0.009,0.004,537.0,1236.0,1.01
t_1|subj_offset[003_0107],0.708,0.347,0.087,1.141,0.068,0.022,53.0,248.0,1.1
t_1|subj_offset[003_0108],-0.407,0.152,-0.678,-0.132,0.008,0.01,432.0,652.0,1.0
t_1|subj_offset[003_0109],0.308,0.117,0.087,0.535,0.006,0.003,368.0,915.0,1.01
t_1|subj_offset[003_0110],-0.343,0.131,-0.609,-0.123,0.008,0.004,280.0,723.0,1.01
t_1|subj_offset[003_0111],0.473,0.178,0.175,0.813,0.007,0.003,617.0,1042.0,1.0
t_1|subj_offset[003_0112],1.737,0.287,1.22,2.289,0.01,0.008,973.0,1038.0,1.0
t_1|subj_offset[003_0113],0.834,0.139,0.581,1.101,0.008,0.003,289.0,877.0,1.01
t_1|subj_offset[003_0114],-1.152,0.214,-1.536,-0.768,0.01,0.007,453.0,1077.0,1.0
t_1|subj_offset[003_0115],0.527,0.237,0.096,0.986,0.007,0.007,1275.0,1090.0,1.0
t_1|subj_offset[003_0116],0.257,0.221,-0.036,0.781,0.063,0.045,19.0,65.0,1.1
t_1|subj_offset[003_0117],-1.524,0.156,-1.808,-1.241,0.008,0.004,335.0,686.0,1.0
t_1|subj_offset[003_0118],0.546,0.123,0.325,0.779,0.007,0.003,294.0,729.0,1.01
t_1|subj_offset[003_0119],-0.743,0.144,-1.026,-0.492,0.008,0.003,329.0,813.0,1.0
t_1|subj_offset[003_0120],-1.808,0.261,-2.303,-1.375,0.011,0.007,477.0,1023.0,1.01
t_1|subj_offset[003_0121],-1.523,0.213,-1.906,-1.119,0.012,0.007,341.0,538.0,1.01
t_1|subj_offset[003_0122],0.674,0.165,0.383,0.988,0.007,0.003,598.0,1075.0,1.0
t_1|subj_offset[003_0123],-2.063,0.246,-2.528,-1.638,0.01,0.006,539.0,1269.0,1.0
t_1|subj_offset[003_0124],-1.165,0.133,-1.417,-0.923,0.009,0.003,237.0,705.0,1.01
t_1|subj_offset[003_0125],1.125,0.154,0.828,1.399,0.008,0.003,373.0,856.0,1.01
t_1|subj_offset[003_0126],-0.288,0.16,-0.555,0.04,0.008,0.004,388.0,1053.0,1.01
t_1|subj_offset[003_0127],-1.772,0.244,-2.242,-1.335,0.01,0.005,599.0,1032.0,1.0
t_1|subj_offset[003_0128],1.074,0.151,0.785,1.344,0.008,0.003,370.0,1191.0,1.01
t_1|subj_offset[003_0129],1.944,0.271,1.452,2.435,0.009,0.006,835.0,1032.0,1.0
t_1|subj_offset[003_0130],0.532,0.108,0.335,0.736,0.007,0.002,255.0,770.0,1.01
t_1|subj_offset[003_0131],-0.442,0.157,-0.747,-0.17,0.007,0.003,451.0,1052.0,1.0
t_1|subj_offset[003_0132],-0.99,0.247,-1.439,-0.563,0.01,0.006,503.0,1229.0,1.01
t_1|subj_offset[003_0133],0.524,0.162,0.23,0.829,0.009,0.01,308.0,275.0,1.01
t_1|subj_offset[003_0134],0.379,0.208,-0.036,0.768,0.007,0.005,880.0,1241.0,1.0
t_1|subj_offset[003_0135],-0.892,0.189,-1.258,-0.557,0.008,0.004,534.0,1406.0,1.01
t_1|subj_offset[003_0136],2.243,0.446,1.449,3.127,0.013,0.01,1256.0,1655.0,1.0
t_1|subj_offset[003_0137],0.729,0.213,0.35,1.114,0.008,0.004,609.0,1145.0,1.0
t_1|subj_offset[003_0138],0.242,0.134,-0.001,0.494,0.007,0.003,328.0,1080.0,1.0
t_1|subj_offset[003_0139],0.269,0.126,0.038,0.509,0.007,0.003,302.0,1113.0,1.01
t_1|subj_offset[003_0140],0.85,0.155,0.575,1.139,0.007,0.003,564.0,1140.0,1.0
t_1|subj_offset[003_0141],-0.589,0.171,-0.916,-0.285,0.008,0.004,517.0,1046.0,1.0
t_1|subj_offset[003_0142],-0.481,0.137,-0.739,-0.221,0.006,0.005,428.0,838.0,1.01
t_1|subj_offset[003_0143],0.839,0.181,0.484,1.156,0.008,0.004,527.0,1160.0,1.0
t_1|subj_offset[003_0144],2.026,0.35,1.392,2.719,0.01,0.008,1241.0,1316.0,1.0
t_1|subj_offset[003_0145],-0.036,0.127,-0.275,0.186,0.008,0.004,280.0,1143.0,1.01
t_1|subj_offset[003_0146],0.468,0.148,0.202,0.746,0.008,0.004,326.0,948.0,1.0
t_1|subj_offset[003_0147],-0.644,0.256,-1.027,-0.205,0.02,0.006,171.0,503.0,1.02
t_1|subj_offset[003_0148],-0.081,0.312,-0.749,0.377,0.017,0.014,425.0,573.0,1.0
t_1|subj_offset[003_0149],0.234,0.098,0.033,0.401,0.007,0.002,209.0,788.0,1.01
t_1|subj_offset[003_0150],1.048,0.192,0.71,1.414,0.009,0.004,476.0,1275.0,1.0
t_1|subj_offset[003_0151],0.367,0.173,0.025,0.663,0.007,0.004,638.0,1459.0,1.0
t_1|subj_offset[003_0152],-0.291,0.273,-0.771,0.165,0.01,0.004,814.0,1240.0,1.01
t_1|subj_offset[003_0153],0.733,0.118,0.494,0.934,0.008,0.005,237.0,614.0,1.01
t_1|subj_offset[003_0154],1.73,0.333,1.135,2.302,0.01,0.005,1037.0,1424.0,1.0
t_1|subj_offset[003_0155],-0.429,0.148,-0.712,-0.175,0.008,0.003,335.0,1159.0,1.01
t_1|subj_offset[003_0156],-1.107,0.224,-1.488,-0.655,0.011,0.005,419.0,718.0,1.0
t_1|subj_offset[003_0157],0.218,0.2,-0.168,0.57,0.007,0.006,788.0,967.0,1.0
t_1|subj_offset[003_0158],-1.581,0.128,-1.829,-1.357,0.01,0.004,181.0,581.0,1.01
t_1|subj_offset[003_0159],-1.43,0.145,-1.694,-1.164,0.01,0.005,197.0,684.0,1.01
t_1|subj_offset[003_0160],-0.916,0.147,-1.197,-0.658,0.009,0.004,248.0,667.0,1.01
t_1|subj_offset[003_0161],0.191,0.163,-0.107,0.474,0.009,0.003,295.0,469.0,1.01
t_1|subj_offset[003_0163],-0.022,0.137,-0.269,0.246,0.008,0.005,310.0,658.0,1.01
t_1|subj_offset[003_0164],-0.867,0.155,-1.168,-0.6,0.009,0.004,317.0,916.0,1.01
t_1|subj_offset[003_0165],-0.298,0.108,-0.489,-0.094,0.007,0.003,246.0,786.0,1.0
t_1|subj_offset[003_0166],0.257,0.138,-0.01,0.521,0.008,0.004,307.0,807.0,1.01
t_1|subj_offset[003_0167],-0.024,0.128,-0.264,0.186,0.009,0.005,206.0,454.0,1.01
t_1|subj_offset[003_0168],-1.11,0.169,-1.426,-0.807,0.009,0.004,308.0,782.0,1.0
t_1|subj_offset[003_0169],-0.236,0.143,-0.499,0.044,0.007,0.003,440.0,983.0,1.0
t_1|subj_offset[003_0170],-0.15,0.144,-0.4,0.133,0.007,0.003,373.0,820.0,1.01
t_1|subj_offset[003_0171],-0.794,0.144,-1.063,-0.531,0.008,0.003,302.0,625.0,1.01
t_1|subj_offset[003_0172],-1.329,0.194,-1.693,-0.99,0.01,0.004,392.0,830.0,1.0
t_1|subj_offset[003_0173],-0.807,0.14,-1.062,-0.529,0.009,0.003,228.0,600.0,1.01
t_1|subj_offset[003_0174],-0.545,0.116,-0.782,-0.352,0.008,0.003,190.0,559.0,1.01
t_1|subj_offset[003_0175],-0.027,0.108,-0.236,0.158,0.007,0.003,212.0,488.0,1.01
t_1|subj_offset[003_0176],-0.966,0.161,-1.268,-0.672,0.01,0.004,284.0,734.0,1.01
t_1|subj_offset[003_0177],1.527,0.291,0.953,2.042,0.011,0.006,752.0,1366.0,1.01
t_1|subj_offset[003_0178],0.548,0.103,0.356,0.748,0.007,0.002,229.0,659.0,1.0
t_1|subj_offset[003_0179],-0.957,0.238,-1.46,-0.597,0.011,0.008,499.0,1032.0,1.0
t_1|subj_offset[003_0180],-1.551,0.184,-1.898,-1.213,0.011,0.004,259.0,909.0,1.0
t_1|subj_offset[003_0181],0.571,0.161,0.274,0.88,0.007,0.004,489.0,1000.0,1.0
t_1|subj_offset[003_0182],0.921,0.187,0.573,1.269,0.007,0.004,707.0,1160.0,1.0
t_1|subj_offset[003_0183],0.484,0.108,0.28,0.681,0.008,0.002,168.0,944.0,1.01
t_1|subj_offset[003_0184],-0.664,0.175,-0.986,-0.342,0.008,0.004,479.0,838.0,1.0
t_1|subj_offset[003_0185],-0.121,0.192,-0.44,0.254,0.008,0.004,549.0,1093.0,1.0
t_1|subj_offset[003_0186],0.249,0.16,-0.103,0.505,0.008,0.004,407.0,969.0,1.0
t_1|subj_offset[003_0187],2.791,0.651,1.625,3.842,0.016,0.01,1635.0,1190.0,1.0
t_1|subj_offset[003_0188],-1.13,0.215,-1.512,-0.719,0.009,0.004,542.0,1313.0,1.0
t_1|subj_offset[003_0189],-0.415,0.14,-0.694,-0.182,0.007,0.003,365.0,717.0,1.0
t_1|subj_offset[003_0190],-0.913,0.121,-1.147,-0.697,0.008,0.003,221.0,589.0,1.01
t_1|subj_offset[003_0191],-0.839,0.232,-1.254,-0.378,0.008,0.005,816.0,985.0,1.0
t_1|subj_offset[003_0192],-1.965,0.261,-2.424,-1.499,0.013,0.009,403.0,1268.0,1.01
t_1|subj_offset[003_0193],0.624,0.204,0.239,0.998,0.008,0.004,658.0,989.0,1.0
t_1|subj_offset[003_0194],1.279,0.215,0.845,1.664,0.008,0.004,639.0,1055.0,1.0
t_1|subj_offset[003_0195],1.2,0.196,0.869,1.569,0.008,0.003,536.0,1307.0,1.0
t_1|subj_offset[003_0196],-0.324,0.12,-0.554,-0.121,0.007,0.004,250.0,466.0,1.01
t_1|subj_offset[003_0197],-0.507,0.127,-0.745,-0.277,0.007,0.002,356.0,941.0,1.01
t_1|subj_offset[003_0198],-1.126,0.183,-1.449,-0.789,0.008,0.005,472.0,752.0,1.0
t_1|subj_offset[003_0199],-1.019,0.178,-1.384,-0.71,0.007,0.004,576.0,1329.0,1.0
t_1|subj_offset[003_0200],1.304,0.205,0.91,1.676,0.007,0.004,796.0,1280.0,1.0
t_1|subj_offset[003_0201],0.176,0.125,-0.053,0.407,0.007,0.003,347.0,1169.0,1.0
t_1|subj_offset[003_0202],1.009,0.204,0.634,1.393,0.007,0.005,850.0,1223.0,1.0
t_1|subj_offset[003_0203],-1.852,0.176,-2.211,-1.559,0.01,0.005,275.0,707.0,1.01
t_1|subj_offset[003_0204],0.618,0.115,0.381,0.823,0.007,0.003,254.0,577.0,1.01
t_1|subj_offset[003_0205],0.146,0.251,-0.283,0.634,0.009,0.005,859.0,987.0,1.0
t_1|subj_offset[003_0206],-0.667,0.131,-0.9,-0.418,0.008,0.003,263.0,566.0,1.01
t_1|subj_offset[003_0207],1.487,0.234,1.053,1.937,0.008,0.005,764.0,1127.0,1.0
t_1|subj_offset[003_0208],-0.677,0.136,-0.947,-0.439,0.008,0.003,274.0,725.0,1.01
t_1|subj_offset[003_0209],0.891,0.332,0.335,1.536,0.01,0.006,1194.0,1494.0,1.0
t_1|subj_offset[003_0210],0.159,0.126,-0.076,0.392,0.007,0.003,307.0,1007.0,1.01
t_1|subj_offset[003_0211],-0.195,0.21,-0.573,0.182,0.009,0.005,541.0,1445.0,1.01
t_1|subj_offset[003_0212],-1.158,0.203,-1.557,-0.818,0.009,0.005,535.0,1033.0,1.0
t_1|subj_offset[003_0213],-0.66,0.109,-0.862,-0.464,0.007,0.003,208.0,494.0,1.0
t_1|subj_offset[003_0214],0.853,0.218,0.451,1.255,0.006,0.005,1119.0,1253.0,1.0
t_1|subj_offset[003_0216],-0.285,0.154,-0.597,0.001,0.007,0.003,469.0,1331.0,1.0
t_1|subj_offset[003_0217],-0.657,0.095,-0.839,-0.493,0.008,0.003,144.0,429.0,1.01
v_Intercept,0.32,0.044,0.237,0.397,0.005,0.004,68.0,85.0,1.02
a_1|subj[003_0001],-0.212,0.163,-0.51,0.096,0.004,0.004,1684.0,1066.0,1.0
a_1|subj[003_0002],0.818,0.2,0.48,1.215,0.004,0.005,2341.0,1557.0,1.0
a_1|subj[003_0003],-0.271,0.125,-0.494,-0.027,0.003,0.003,1810.0,1329.0,1.0
a_1|subj[003_0004],-0.333,0.122,-0.554,-0.098,0.003,0.003,1743.0,1483.0,1.0
a_1|subj[003_0005],-0.567,0.104,-0.771,-0.384,0.003,0.002,1343.0,1426.0,1.0
a_1|subj[003_0006],-0.419,0.198,-0.73,-0.064,0.067,0.003,10.0,376.0,1.16
a_1|subj[003_0007],-0.066,0.145,-0.324,0.217,0.004,0.003,1619.0,1334.0,1.0
a_1|subj[003_0008],0.075,0.107,-0.12,0.286,0.003,0.002,1499.0,1499.0,1.0
a_1|subj[003_0009],0.654,0.155,0.359,0.936,0.004,0.003,1735.0,1362.0,1.0
a_1|subj[003_0010],0.204,0.134,-0.017,0.487,0.003,0.003,2007.0,1398.0,1.0
a_1|subj[003_0011],-1.001,0.081,-1.155,-0.856,0.003,0.002,860.0,1138.0,1.0
a_1|subj[003_0012],-0.19,0.1,-0.369,0.009,0.002,0.002,1705.0,1338.0,1.0
a_1|subj[003_0013],-0.575,0.099,-0.745,-0.377,0.003,0.002,1000.0,1646.0,1.0
a_1|subj[003_0014],-0.519,0.179,-0.821,-0.154,0.005,0.006,1666.0,1131.0,1.0
a_1|subj[003_0015],0.563,0.167,0.282,0.9,0.004,0.004,1609.0,1146.0,1.0
a_1|subj[003_0016],0.909,0.249,0.435,1.365,0.006,0.006,1711.0,1213.0,1.0
a_1|subj[003_0017],-0.074,0.11,-0.265,0.142,0.003,0.002,1309.0,1359.0,1.0
a_1|subj[003_0018],2.018,0.24,1.59,2.462,0.005,0.005,2208.0,1478.0,1.0
a_1|subj[003_0019],-0.723,0.145,-0.991,-0.455,0.004,0.003,1799.0,1274.0,1.0
a_1|subj[003_0020],-0.357,0.118,-0.568,-0.121,0.003,0.003,1522.0,1549.0,1.0
a_1|subj[003_0021],-0.084,0.112,-0.278,0.14,0.003,0.002,1486.0,1420.0,1.0
a_1|subj[003_0022],0.531,0.217,0.159,0.965,0.005,0.005,1713.0,1396.0,1.0
a_1|subj[003_0023],-0.809,0.125,-1.029,-0.572,0.003,0.003,1505.0,1581.0,1.0
a_1|subj[003_0024],0.007,0.13,-0.229,0.248,0.003,0.003,1726.0,1602.0,1.0
a_1|subj[003_0025],-0.557,0.096,-0.726,-0.376,0.003,0.002,1250.0,1250.0,1.0
a_1|subj[003_0026],-0.415,0.089,-0.569,-0.233,0.003,0.002,1126.0,1365.0,1.0
a_1|subj[003_0027],-0.325,0.118,-0.539,-0.104,0.003,0.003,1281.0,1324.0,1.0
a_1|subj[003_0028],-0.916,0.081,-1.058,-0.752,0.003,0.002,901.0,1321.0,1.0
a_1|subj[003_0029],0.201,0.123,-0.031,0.428,0.003,0.003,1740.0,1535.0,1.0
a_1|subj[003_0030],0.18,0.172,-0.146,0.498,0.004,0.005,1606.0,1068.0,1.0
a_1|subj[003_0031],-0.288,0.104,-0.48,-0.094,0.003,0.002,1415.0,1374.0,1.0
a_1|subj[003_0032],-0.007,0.167,-0.324,0.284,0.004,0.004,1469.0,1227.0,1.0
a_1|subj[003_0033],-0.374,0.117,-0.596,-0.168,0.003,0.002,1705.0,1520.0,1.0
a_1|subj[003_0034],0.177,0.159,-0.098,0.491,0.004,0.004,1539.0,1278.0,1.0
a_1|subj[003_0035],-0.305,0.108,-0.509,-0.102,0.003,0.003,1111.0,918.0,1.0
a_1|subj[003_0036],-0.123,0.101,-0.315,0.066,0.003,0.002,1422.0,1526.0,1.0
a_1|subj[003_0037],0.156,0.107,-0.053,0.35,0.003,0.003,1291.0,1036.0,1.0
a_1|subj[003_0038],0.042,0.111,-0.154,0.257,0.003,0.002,1692.0,1568.0,1.0
a_1|subj[003_0039],-0.317,0.103,-0.506,-0.117,0.003,0.002,1473.0,1444.0,1.0
a_1|subj[003_0040],-0.094,0.112,-0.304,0.119,0.003,0.003,1510.0,1389.0,1.0
a_1|subj[003_0041],0.066,0.125,-0.165,0.297,0.003,0.003,1489.0,1256.0,1.0
a_1|subj[003_0042],-0.23,0.111,-0.45,-0.031,0.002,0.002,2086.0,1685.0,1.0
a_1|subj[003_0043],-0.719,0.091,-0.879,-0.541,0.003,0.002,1078.0,1540.0,1.0
a_1|subj[003_0044],-0.261,0.103,-0.448,-0.067,0.003,0.002,1198.0,1291.0,1.0
a_1|subj[003_0045],0.241,0.245,-0.232,0.677,0.007,0.006,1440.0,1091.0,1.0
a_1|subj[003_0046],-0.523,0.24,-0.907,-0.05,0.009,0.004,775.0,1646.0,1.0
a_1|subj[003_0047],-0.137,0.131,-0.386,0.105,0.005,0.002,756.0,978.0,1.0
a_1|subj[003_0048],0.506,0.194,0.139,0.855,0.005,0.005,1601.0,1125.0,1.0
a_1|subj[003_0049],0.188,0.139,-0.055,0.464,0.003,0.003,1718.0,1465.0,1.0
a_1|subj[003_0050],0.535,0.21,0.147,0.915,0.005,0.005,1671.0,1437.0,1.0
a_1|subj[003_0051],-0.217,0.107,-0.432,-0.035,0.003,0.003,1598.0,1515.0,1.0
a_1|subj[003_0052],0.383,0.139,0.14,0.649,0.003,0.003,1830.0,1512.0,1.0
a_1|subj[003_0053],0.163,0.13,-0.089,0.382,0.003,0.003,1808.0,1767.0,1.0
a_1|subj[003_0054],-0.533,0.09,-0.708,-0.37,0.003,0.002,1128.0,1422.0,1.0
a_1|subj[003_0055],-0.375,0.128,-0.614,-0.147,0.003,0.003,1518.0,1553.0,1.0
a_1|subj[003_0056],-0.166,0.153,-0.444,0.122,0.004,0.004,1846.0,1302.0,1.0
a_1|subj[003_0057],-0.292,0.116,-0.491,-0.057,0.003,0.002,1794.0,1501.0,1.0
a_1|subj[003_0058],0.85,0.166,0.528,1.139,0.004,0.004,1834.0,1334.0,1.0
a_1|subj[003_0059],-0.293,0.109,-0.49,-0.091,0.003,0.002,1760.0,1638.0,1.0
a_1|subj[003_0060],0.37,0.204,-0.008,0.754,0.005,0.005,1489.0,1277.0,1.01
a_1|subj[003_0061],-0.202,0.107,-0.418,-0.021,0.003,0.002,1620.0,1584.0,1.0
a_1|subj[003_0062],-0.324,0.101,-0.514,-0.138,0.003,0.002,1288.0,1473.0,1.0
a_1|subj[003_0063],0.026,0.105,-0.18,0.212,0.003,0.002,1164.0,1270.0,1.0
a_1|subj[003_0064],0.073,0.159,-0.226,0.362,0.004,0.004,1640.0,1259.0,1.0
a_1|subj[003_0066],0.073,0.129,-0.177,0.301,0.003,0.003,1870.0,1400.0,1.0
a_1|subj[003_0067],0.22,0.129,-0.022,0.463,0.003,0.003,1698.0,1249.0,1.0
a_1|subj[003_0068],0.702,0.208,0.334,1.105,0.006,0.005,1385.0,1138.0,1.0
a_1|subj[003_0069],-0.394,0.115,-0.597,-0.175,0.003,0.003,1511.0,1401.0,1.0
a_1|subj[003_0070],0.475,0.144,0.2,0.736,0.004,0.004,1663.0,1669.0,1.0
a_1|subj[003_0071],-0.046,0.117,-0.247,0.191,0.003,0.002,1815.0,1470.0,1.0
a_1|subj[003_0072],-0.312,0.099,-0.505,-0.136,0.003,0.002,1226.0,1582.0,1.01
a_1|subj[003_0073],0.368,0.156,0.07,0.643,0.004,0.005,1526.0,1381.0,1.0
a_1|subj[003_0074],-0.111,0.129,-0.331,0.145,0.003,0.003,1638.0,1524.0,1.0
a_1|subj[003_0075],-0.123,0.098,-0.309,0.052,0.003,0.002,1275.0,1332.0,1.0
a_1|subj[003_0076],-0.259,0.127,-0.499,-0.03,0.004,0.002,1240.0,1450.0,1.0
a_1|subj[003_0077],0.171,0.202,-0.208,0.53,0.005,0.005,1548.0,1182.0,1.0
a_1|subj[003_0078],0.361,0.227,-0.056,0.78,0.006,0.005,1557.0,1406.0,1.0
a_1|subj[003_0079],-0.366,0.216,-0.775,0.023,0.005,0.004,1692.0,1389.0,1.0
a_1|subj[003_0080],0.028,0.108,-0.172,0.236,0.003,0.002,1067.0,1520.0,1.0
a_1|subj[003_0081],0.029,0.145,-0.223,0.326,0.004,0.003,1735.0,1126.0,1.0
a_1|subj[003_0082],0.093,0.115,-0.115,0.319,0.003,0.003,1303.0,1339.0,1.0
a_1|subj[003_0083],-0.442,0.091,-0.613,-0.269,0.002,0.002,1453.0,1404.0,1.0
a_1|subj[003_0084],0.085,0.146,-0.172,0.366,0.004,0.004,1738.0,1214.0,1.0
a_1|subj[003_0085],-0.078,0.123,-0.31,0.136,0.003,0.003,1614.0,1382.0,1.01
a_1|subj[003_0086],-0.193,0.203,-0.566,0.183,0.005,0.005,1660.0,1285.0,1.0
a_1|subj[003_0087],0.134,0.139,-0.125,0.386,0.003,0.004,1746.0,1377.0,1.0
a_1|subj[003_0088],-0.165,0.114,-0.375,0.049,0.003,0.002,1166.0,1447.0,1.0
a_1|subj[003_0089],-0.132,0.111,-0.33,0.081,0.003,0.003,1534.0,1360.0,1.0
a_1|subj[003_0090],-0.178,0.128,-0.415,0.062,0.003,0.003,1743.0,1355.0,1.0
a_1|subj[003_0091],-0.341,0.092,-0.508,-0.169,0.002,0.002,1393.0,1370.0,1.0
a_1|subj[003_0092],0.244,0.175,-0.074,0.566,0.004,0.004,2171.0,1298.0,1.0
a_1|subj[003_0093],-0.471,0.138,-0.729,-0.218,0.003,0.003,1814.0,1624.0,1.0
a_1|subj[003_0094],0.537,0.125,0.301,0.766,0.003,0.003,1760.0,1586.0,1.0
a_1|subj[003_0095],0.549,0.137,0.31,0.813,0.003,0.003,1928.0,1772.0,1.0
a_1|subj[003_0096],-0.348,0.096,-0.515,-0.146,0.002,0.002,1803.0,1512.0,1.0
a_1|subj[003_0097],-0.151,0.12,-0.375,0.072,0.003,0.002,1543.0,1562.0,1.0
a_1|subj[003_0098],0.224,0.121,-0.003,0.446,0.003,0.003,1595.0,1310.0,1.0
a_1|subj[003_0100],0.141,0.127,-0.114,0.371,0.003,0.003,1498.0,1201.0,1.0
a_1|subj[003_0102],-0.229,0.116,-0.442,-0.001,0.003,0.002,1633.0,1495.0,1.0
a_1|subj[003_0103],-0.374,0.104,-0.554,-0.174,0.002,0.002,1826.0,1368.0,1.0
a_1|subj[003_0104],0.621,0.181,0.288,0.951,0.004,0.003,2127.0,1602.0,1.0
a_1|subj[003_0105],-0.397,0.095,-0.564,-0.198,0.003,0.002,1233.0,1327.0,1.0
a_1|subj[003_0106],-0.168,0.097,-0.349,0.014,0.003,0.002,955.0,1333.0,1.0
a_1|subj[003_0107],-0.66,0.143,-0.887,-0.391,0.025,0.005,40.0,481.0,1.06
a_1|subj[003_0108],0.18,0.132,-0.056,0.429,0.003,0.004,1477.0,805.0,1.0
a_1|subj[003_0109],-0.541,0.085,-0.705,-0.389,0.003,0.002,1128.0,1376.0,1.0
a_1|subj[003_0110],0.106,0.291,-0.375,0.675,0.009,0.009,1271.0,978.0,1.0
a_1|subj[003_0111],-0.031,0.146,-0.323,0.224,0.004,0.003,1242.0,1785.0,1.0
a_1|subj[003_0112],0.074,0.124,-0.129,0.335,0.003,0.003,1417.0,1484.0,1.0
a_1|subj[003_0113],-0.206,0.109,-0.426,-0.006,0.003,0.002,1483.0,1340.0,1.0
a_1|subj[003_0114],0.554,0.191,0.199,0.906,0.005,0.005,1752.0,1492.0,1.0
a_1|subj[003_0115],0.512,0.137,0.251,0.763,0.003,0.003,1904.0,1377.0,1.0
a_1|subj[003_0116],-0.626,0.118,-0.862,-0.417,0.018,0.013,52.0,57.0,1.04
a_1|subj[003_0117],-0.192,0.17,-0.506,0.12,0.004,0.004,1674.0,1203.0,1.0
a_1|subj[003_0118],0.002,0.139,-0.268,0.248,0.003,0.003,1882.0,1484.0,1.0
a_1|subj[003_0119],0.093,0.217,-0.31,0.496,0.006,0.006,1487.0,956.0,1.0
a_1|subj[003_0120],0.053,0.229,-0.339,0.505,0.006,0.005,1420.0,1284.0,1.0
a_1|subj[003_0121],0.225,0.179,-0.102,0.56,0.005,0.006,1272.0,941.0,1.01
a_1|subj[003_0122],-0.205,0.127,-0.444,0.029,0.003,0.003,1890.0,1378.0,1.0
a_1|subj[003_0123],0.004,0.158,-0.285,0.318,0.004,0.004,1622.0,1434.0,1.0
a_1|subj[003_0124],-0.136,0.173,-0.449,0.204,0.005,0.005,1463.0,1032.0,1.0
a_1|subj[003_0125],-0.145,0.107,-0.339,0.046,0.003,0.002,1455.0,1646.0,1.0
a_1|subj[003_0126],0.342,0.162,0.036,0.639,0.004,0.004,1506.0,1528.0,1.0
a_1|subj[003_0127],0.202,0.255,-0.244,0.697,0.007,0.006,1297.0,1132.0,1.0
a_1|subj[003_0128],-0.282,0.095,-0.471,-0.118,0.003,0.002,1321.0,1557.0,1.0
a_1|subj[003_0129],0.295,0.135,0.046,0.543,0.003,0.003,1915.0,1139.0,1.0
a_1|subj[003_0130],-0.504,0.099,-0.684,-0.318,0.003,0.002,1586.0,1121.0,1.0
a_1|subj[003_0131],0.277,0.148,0.012,0.556,0.004,0.003,1616.0,1556.0,1.0
a_1|subj[003_0132],0.643,0.264,0.186,1.166,0.007,0.006,1542.0,1263.0,1.0
a_1|subj[003_0133],-0.268,0.124,-0.493,-0.025,0.004,0.003,840.0,629.0,1.0
a_1|subj[003_0134],0.88,0.182,0.564,1.242,0.004,0.004,2008.0,1554.0,1.0
a_1|subj[003_0135],0.721,0.181,0.402,1.079,0.004,0.004,2088.0,1619.0,1.0
a_1|subj[003_0136],-0.034,0.128,-0.277,0.196,0.003,0.003,1637.0,1368.0,1.0
a_1|subj[003_0137],0.293,0.146,0.012,0.56,0.004,0.003,1553.0,1111.0,1.0
a_1|subj[003_0138],-0.08,0.108,-0.276,0.119,0.003,0.003,1307.0,1126.0,1.0
a_1|subj[003_0139],-0.182,0.107,-0.372,0.025,0.003,0.002,1588.0,1539.0,1.0
a_1|subj[003_0140],0.458,0.217,0.066,0.868,0.005,0.006,1754.0,1301.0,1.0
a_1|subj[003_0141],0.783,0.257,0.327,1.249,0.007,0.007,1405.0,1189.0,1.0
a_1|subj[003_0142],-0.14,0.09,-0.304,0.026,0.002,0.002,1456.0,1468.0,1.0
a_1|subj[003_0143],0.536,0.175,0.221,0.851,0.004,0.004,1623.0,1531.0,1.0
a_1|subj[003_0144],0.115,0.111,-0.088,0.322,0.003,0.002,1279.0,1517.0,1.0
a_1|subj[003_0145],-0.041,0.151,-0.304,0.253,0.004,0.004,1420.0,1004.0,1.0
a_1|subj[003_0146],0.345,0.229,-0.077,0.775,0.006,0.006,1799.0,1227.0,1.0
a_1|subj[003_0147],-0.277,0.124,-0.523,-0.069,0.006,0.002,426.0,1513.0,1.0
a_1|subj[003_0148],0.276,0.153,-0.003,0.556,0.006,0.004,612.0,726.0,1.0
a_1|subj[003_0149],-0.356,0.114,-0.557,-0.123,0.003,0.002,1119.0,1349.0,1.0
a_1|subj[003_0150],0.128,0.125,-0.097,0.358,0.003,0.003,1815.0,1489.0,1.0
a_1|subj[003_0151],0.365,0.135,0.135,0.628,0.003,0.003,1727.0,1334.0,1.0
a_1|subj[003_0152],0.465,0.19,0.14,0.826,0.005,0.003,1656.0,1586.0,1.0
a_1|subj[003_0153],-0.634,0.088,-0.796,-0.467,0.002,0.002,1287.0,1357.0,1.0
a_1|subj[003_0154],-0.209,0.109,-0.405,0.009,0.003,0.002,1284.0,1559.0,1.0
a_1|subj[003_0155],0.125,0.118,-0.09,0.344,0.003,0.002,1441.0,1419.0,1.0
a_1|subj[003_0156],0.056,0.124,-0.169,0.29,0.004,0.002,1091.0,1596.0,1.0
a_1|subj[003_0157],0.346,0.12,0.123,0.564,0.003,0.002,1462.0,1694.0,1.0
a_1|subj[003_0158],-0.767,0.156,-1.051,-0.496,0.004,0.004,1310.0,1302.0,1.0
a_1|subj[003_0159],-0.361,0.159,-0.664,-0.079,0.004,0.003,1575.0,1398.0,1.01
a_1|subj[003_0160],0.021,0.186,-0.319,0.374,0.005,0.005,1490.0,1300.0,1.0
a_1|subj[003_0161],-0.593,0.105,-0.795,-0.408,0.004,0.002,803.0,1448.0,1.0
a_1|subj[003_0163],-0.664,0.093,-0.827,-0.481,0.003,0.002,999.0,725.0,1.0
a_1|subj[003_0164],0.398,0.206,0.027,0.796,0.005,0.006,1770.0,1115.0,1.0
a_1|subj[003_0165],-0.089,0.125,-0.334,0.129,0.003,0.003,1700.0,1261.0,1.0
a_1|subj[003_0166],-0.088,0.108,-0.302,0.102,0.003,0.003,1645.0,1023.0,1.0
a_1|subj[003_0167],-0.316,0.152,-0.608,-0.037,0.004,0.003,1765.0,1058.0,1.01
a_1|subj[003_0168],0.055,0.179,-0.262,0.396,0.004,0.004,1703.0,1367.0,1.0
a_1|subj[003_0169],0.026,0.118,-0.191,0.244,0.003,0.002,1740.0,1403.0,1.0
a_1|subj[003_0170],-0.127,0.123,-0.35,0.113,0.003,0.003,1548.0,1575.0,1.0
a_1|subj[003_0171],0.118,0.182,-0.216,0.446,0.004,0.004,1856.0,1347.0,1.0
a_1|subj[003_0172],0.229,0.289,-0.283,0.77,0.008,0.007,1491.0,1300.0,1.0
a_1|subj[003_0173],0.831,0.291,0.243,1.346,0.007,0.006,1774.0,1691.0,1.0
a_1|subj[003_0174],-0.073,0.136,-0.328,0.17,0.003,0.003,1854.0,1694.0,1.0
a_1|subj[003_0175],-0.334,0.113,-0.549,-0.128,0.003,0.002,1519.0,1353.0,1.0
a_1|subj[003_0176],-0.027,0.121,-0.246,0.193,0.003,0.003,1773.0,1446.0,1.0
a_1|subj[003_0177],0.141,0.141,-0.139,0.383,0.003,0.003,2030.0,1468.0,1.0
a_1|subj[003_0178],-0.464,0.103,-0.649,-0.261,0.003,0.002,1547.0,1375.0,1.0
a_1|subj[003_0179],-0.028,0.169,-0.322,0.3,0.006,0.004,846.0,1037.0,1.0
a_1|subj[003_0180],0.088,0.206,-0.265,0.5,0.006,0.005,1387.0,1026.0,1.0
a_1|subj[003_0181],-0.143,0.11,-0.337,0.053,0.003,0.003,1401.0,1225.0,1.0
a_1|subj[003_0182],0.21,0.121,-0.006,0.452,0.003,0.003,2053.0,1332.0,1.0
a_1|subj[003_0183],-0.384,0.105,-0.592,-0.201,0.003,0.002,1580.0,1515.0,1.0
a_1|subj[003_0184],0.414,0.226,0.027,0.861,0.006,0.005,1757.0,1321.0,1.0
a_1|subj[003_0185],0.093,0.152,-0.207,0.369,0.005,0.004,920.0,1366.0,1.0
a_1|subj[003_0186],-0.347,0.109,-0.575,-0.165,0.003,0.003,1331.0,1551.0,1.0
a_1|subj[003_0187],0.61,0.172,0.276,0.912,0.004,0.004,1695.0,1286.0,1.0
a_1|subj[003_0188],0.346,0.177,0.028,0.698,0.005,0.004,1474.0,1441.0,1.0
a_1|subj[003_0189],0.0,0.105,-0.192,0.197,0.003,0.002,1603.0,1523.0,1.0
a_1|subj[003_0190],-0.262,0.132,-0.497,0.003,0.003,0.003,1547.0,1263.0,1.0
a_1|subj[003_0191],0.687,0.217,0.282,1.083,0.005,0.004,1948.0,1573.0,1.0
a_1|subj[003_0192],0.157,0.183,-0.177,0.491,0.005,0.004,1641.0,1353.0,1.0
a_1|subj[003_0193],-0.149,0.108,-0.363,0.049,0.003,0.002,1334.0,1574.0,1.0
a_1|subj[003_0194],0.24,0.126,-0.003,0.479,0.003,0.003,1738.0,1699.0,1.0
a_1|subj[003_0195],-0.388,0.1,-0.58,-0.21,0.003,0.002,1514.0,1639.0,1.0
a_1|subj[003_0196],-0.256,0.176,-0.578,0.068,0.005,0.004,1421.0,1129.0,1.0
a_1|subj[003_0197],-0.111,0.105,-0.295,0.097,0.003,0.002,1699.0,1634.0,1.0
a_1|subj[003_0198],0.304,0.132,0.066,0.552,0.003,0.003,1819.0,1458.0,1.0
a_1|subj[003_0199],0.351,0.168,0.033,0.662,0.004,0.004,1735.0,1036.0,1.01
a_1|subj[003_0200],0.066,0.14,-0.193,0.318,0.004,0.003,1520.0,1113.0,1.0
a_1|subj[003_0201],0.159,0.163,-0.113,0.503,0.004,0.004,1796.0,1477.0,1.0
a_1|subj[003_0202],0.489,0.208,0.102,0.862,0.005,0.005,2040.0,1554.0,1.0
a_1|subj[003_0203],-0.242,0.21,-0.606,0.157,0.007,0.008,1126.0,1154.0,1.0
a_1|subj[003_0204],-0.336,0.097,-0.499,-0.133,0.003,0.002,1314.0,1564.0,1.0
a_1|subj[003_0205],0.362,0.147,0.072,0.626,0.003,0.003,2200.0,1641.0,1.0
a_1|subj[003_0206],0.056,0.145,-0.205,0.323,0.004,0.003,1547.0,1244.0,1.0
a_1|subj[003_0207],-0.198,0.094,-0.374,-0.029,0.003,0.002,1417.0,1450.0,1.0
a_1|subj[003_0208],-0.017,0.193,-0.396,0.333,0.005,0.005,1857.0,1247.0,1.0
a_1|subj[003_0209],0.681,0.157,0.391,0.989,0.004,0.003,2003.0,1617.0,1.0
a_1|subj[003_0210],-0.378,0.098,-0.569,-0.208,0.003,0.002,1202.0,932.0,1.0
a_1|subj[003_0211],0.885,0.252,0.447,1.4,0.007,0.006,1361.0,995.0,1.0
a_1|subj[003_0212],-0.057,0.131,-0.286,0.188,0.003,0.003,1516.0,1545.0,1.0
a_1|subj[003_0213],-0.344,0.109,-0.529,-0.115,0.003,0.002,1416.0,1549.0,1.0
a_1|subj[003_0214],0.612,0.15,0.342,0.893,0.003,0.003,2278.0,1318.0,1.0
a_1|subj[003_0216],0.156,0.12,-0.068,0.381,0.003,0.002,1906.0,1326.0,1.0
a_1|subj[003_0217],-0.691,0.166,-0.988,-0.386,0.004,0.005,1669.0,1439.0,1.0
t_1|subj_sigma,0.867,0.044,0.787,0.953,0.003,0.001,186.0,356.0,1.0
v_1|subj[003_0001],0.646,0.139,0.37,0.894,0.005,0.003,926.0,1120.0,1.0
v_1|subj[003_0002],-0.034,0.083,-0.192,0.119,0.005,0.002,274.0,777.0,1.0
v_1|subj[003_0003],0.193,0.114,-0.022,0.4,0.005,0.003,457.0,1046.0,1.01
v_1|subj[003_0004],0.13,0.102,-0.064,0.312,0.005,0.002,440.0,837.0,1.01
v_1|subj[003_0005],0.237,0.114,0.023,0.448,0.005,0.003,453.0,1316.0,1.01
v_1|subj[003_0006],-0.028,0.114,-0.225,0.204,0.016,0.003,52.0,587.0,1.03
v_1|subj[003_0007],0.307,0.116,0.078,0.519,0.006,0.002,386.0,1374.0,1.0
v_1|subj[003_0008],-1.33,0.082,-1.482,-1.175,0.005,0.002,288.0,1046.0,1.01
v_1|subj[003_0009],-0.469,0.07,-0.596,-0.336,0.005,0.002,176.0,538.0,1.01
v_1|subj[003_0010],-0.078,0.082,-0.223,0.08,0.005,0.002,234.0,1052.0,1.01
v_1|subj[003_0011],-1.226,0.117,-1.455,-1.01,0.005,0.003,659.0,928.0,1.0
v_1|subj[003_0012],-0.212,0.089,-0.377,-0.054,0.005,0.002,354.0,1079.0,1.0
v_1|subj[003_0013],-1.555,0.102,-1.745,-1.368,0.005,0.002,393.0,981.0,1.0
v_1|subj[003_0014],0.866,0.159,0.578,1.175,0.006,0.004,676.0,1390.0,1.0
v_1|subj[003_0015],0.051,0.084,-0.119,0.197,0.005,0.002,287.0,727.0,1.0
v_1|subj[003_0016],0.436,0.107,0.25,0.642,0.005,0.002,500.0,1345.0,1.01
v_1|subj[003_0017],-1.585,0.094,-1.762,-1.419,0.006,0.002,295.0,664.0,1.0
v_1|subj[003_0018],-0.154,0.067,-0.276,-0.033,0.005,0.002,171.0,231.0,1.01
v_1|subj[003_0019],0.946,0.167,0.658,1.261,0.004,0.004,1429.0,1488.0,1.0
v_1|subj[003_0020],0.311,0.12,0.087,0.535,0.004,0.003,740.0,1410.0,1.0
v_1|subj[003_0021],-0.071,0.091,-0.245,0.096,0.005,0.002,323.0,671.0,1.01
v_1|subj[003_0022],0.48,0.113,0.259,0.677,0.005,0.003,524.0,1306.0,1.0
v_1|subj[003_0023],0.869,0.148,0.61,1.145,0.005,0.003,924.0,1104.0,1.0
v_1|subj[003_0024],0.193,0.092,0.028,0.372,0.004,0.002,428.0,974.0,1.01
v_1|subj[003_0025],-0.664,0.098,-0.865,-0.499,0.005,0.002,450.0,1204.0,1.0
v_1|subj[003_0026],-0.886,0.085,-1.039,-0.716,0.005,0.002,247.0,783.0,1.01
v_1|subj[003_0027],0.12,0.104,-0.092,0.3,0.006,0.002,325.0,945.0,1.01
v_1|subj[003_0028],-0.653,0.109,-0.864,-0.453,0.005,0.002,554.0,1384.0,1.01
v_1|subj[003_0029],-0.568,0.078,-0.709,-0.416,0.006,0.002,181.0,651.0,1.01
v_1|subj[003_0030],0.655,0.123,0.421,0.888,0.005,0.003,598.0,1175.0,1.0
v_1|subj[003_0031],0.023,0.1,-0.159,0.216,0.004,0.002,514.0,1035.0,1.0
v_1|subj[003_0032],0.643,0.125,0.423,0.897,0.005,0.003,725.0,1477.0,1.0
v_1|subj[003_0033],0.156,0.117,-0.064,0.369,0.005,0.003,572.0,950.0,1.0
v_1|subj[003_0034],0.185,0.1,0.007,0.387,0.005,0.002,503.0,1090.0,1.0
v_1|subj[003_0035],-1.617,0.093,-1.782,-1.432,0.006,0.002,270.0,962.0,1.01
v_1|subj[003_0036],-0.727,0.081,-0.876,-0.568,0.005,0.002,218.0,731.0,1.01
v_1|subj[003_0037],-1.247,0.075,-1.39,-1.107,0.005,0.002,212.0,833.0,1.01
v_1|subj[003_0038],-0.332,0.084,-0.49,-0.178,0.005,0.002,307.0,572.0,1.0
v_1|subj[003_0039],0.011,0.098,-0.173,0.197,0.005,0.002,455.0,828.0,1.01
v_1|subj[003_0040],-1.464,0.086,-1.624,-1.306,0.005,0.002,296.0,805.0,1.01
v_1|subj[003_0041],-0.076,0.088,-0.248,0.085,0.005,0.002,282.0,765.0,1.01
v_1|subj[003_0042],0.04,0.096,-0.143,0.221,0.005,0.003,358.0,744.0,1.0
v_1|subj[003_0043],-1.066,0.104,-1.261,-0.88,0.004,0.003,610.0,979.0,1.0
v_1|subj[003_0044],-0.604,0.089,-0.768,-0.436,0.004,0.002,419.0,578.0,1.01
v_1|subj[003_0045],1.021,0.172,0.725,1.347,0.005,0.003,1016.0,1326.0,1.0
v_1|subj[003_0046],1.158,0.198,0.779,1.524,0.006,0.004,1080.0,1568.0,1.0
v_1|subj[003_0047],-0.209,0.09,-0.364,-0.033,0.005,0.002,332.0,865.0,1.01
v_1|subj[003_0048],0.315,0.097,0.125,0.497,0.005,0.003,394.0,512.0,1.01
v_1|subj[003_0049],-0.036,0.089,-0.204,0.126,0.006,0.002,257.0,932.0,1.01
v_1|subj[003_0050],0.522,0.115,0.304,0.734,0.005,0.002,642.0,1356.0,1.0
v_1|subj[003_0051],-0.112,0.094,-0.278,0.078,0.005,0.002,319.0,585.0,1.0
v_1|subj[003_0052],-0.241,0.081,-0.391,-0.086,0.005,0.002,296.0,751.0,1.0
v_1|subj[003_0053],-0.46,0.079,-0.611,-0.318,0.005,0.002,230.0,486.0,1.01
v_1|subj[003_0054],-0.34,0.099,-0.525,-0.158,0.005,0.003,444.0,620.0,1.0
v_1|subj[003_0055],0.537,0.124,0.317,0.776,0.005,0.003,639.0,1316.0,1.0
v_1|subj[003_0056],0.526,0.112,0.327,0.743,0.005,0.003,573.0,1170.0,1.0
v_1|subj[003_0057],0.281,0.107,0.082,0.488,0.005,0.002,500.0,952.0,1.0
v_1|subj[003_0058],-0.41,0.068,-0.541,-0.285,0.005,0.002,170.0,568.0,1.01
v_1|subj[003_0059],-1.873,0.103,-2.064,-1.683,0.004,0.002,659.0,1449.0,1.0
v_1|subj[003_0060],0.556,0.121,0.334,0.778,0.005,0.002,684.0,1446.0,1.0
v_1|subj[003_0061],-0.092,0.094,-0.266,0.085,0.005,0.002,338.0,729.0,1.0
v_1|subj[003_0062],-0.713,0.091,-0.886,-0.542,0.005,0.002,319.0,856.0,1.0
v_1|subj[003_0063],-0.637,0.078,-0.772,-0.49,0.005,0.002,226.0,617.0,1.01
v_1|subj[003_0064],0.503,0.115,0.292,0.719,0.004,0.002,792.0,1310.0,1.0
v_1|subj[003_0066],-0.267,0.087,-0.424,-0.095,0.005,0.002,262.0,715.0,1.01
v_1|subj[003_0067],-0.348,0.079,-0.49,-0.199,0.005,0.002,216.0,468.0,1.01
v_1|subj[003_0068],0.355,0.097,0.182,0.542,0.005,0.003,341.0,414.0,1.01
v_1|subj[003_0069],0.294,0.119,0.07,0.516,0.005,0.002,699.0,1205.0,1.01
v_1|subj[003_0070],-0.243,0.08,-0.392,-0.093,0.005,0.002,217.0,813.0,1.01
v_1|subj[003_0071],-0.128,0.09,-0.288,0.036,0.006,0.003,254.0,669.0,1.01
v_1|subj[003_0072],-0.441,0.094,-0.63,-0.277,0.004,0.003,429.0,668.0,1.01
v_1|subj[003_0073],-0.039,0.086,-0.19,0.133,0.005,0.002,262.0,672.0,1.0
v_1|subj[003_0074],0.327,0.107,0.132,0.544,0.004,0.002,855.0,1255.0,1.0
v_1|subj[003_0075],-0.61,0.086,-0.78,-0.461,0.005,0.002,365.0,916.0,1.0
v_1|subj[003_0076],-0.048,0.1,-0.233,0.139,0.005,0.002,477.0,995.0,1.0
v_1|subj[003_0077],0.883,0.137,0.626,1.143,0.005,0.003,761.0,1265.0,1.0
v_1|subj[003_0078],0.702,0.132,0.479,0.979,0.005,0.004,599.0,699.0,1.0
v_1|subj[003_0079],2.074,0.249,1.641,2.582,0.006,0.005,1513.0,1631.0,1.0
v_1|subj[003_0080],-1.032,0.08,-1.183,-0.884,0.005,0.003,252.0,424.0,1.01
v_1|subj[003_0081],0.37,0.114,0.154,0.577,0.005,0.002,516.0,1475.0,1.0
v_1|subj[003_0082],-0.227,0.082,-0.379,-0.079,0.006,0.002,188.0,496.0,1.01
v_1|subj[003_0083],-0.342,0.097,-0.516,-0.149,0.005,0.002,453.0,1266.0,1.0
v_1|subj[003_0084],0.38,0.104,0.193,0.572,0.005,0.002,544.0,865.0,1.0
v_1|subj[003_0085],0.146,0.093,-0.022,0.324,0.004,0.002,532.0,1189.0,1.0
v_1|subj[003_0086],1.119,0.194,0.769,1.467,0.005,0.004,1410.0,1364.0,1.0
v_1|subj[003_0087],0.255,0.099,0.07,0.438,0.004,0.002,498.0,866.0,1.0
v_1|subj[003_0088],-1.06,0.082,-1.213,-0.905,0.005,0.002,238.0,909.0,1.01
v_1|subj[003_0089],-1.704,0.091,-1.882,-1.546,0.005,0.002,363.0,1101.0,1.0
v_1|subj[003_0090],0.369,0.105,0.164,0.548,0.005,0.002,404.0,1545.0,1.0
v_1|subj[003_0091],-0.723,0.091,-0.886,-0.539,0.006,0.003,270.0,617.0,1.01
v_1|subj[003_0092],0.367,0.111,0.145,0.568,0.006,0.003,394.0,921.0,1.01
v_1|subj[003_0093],0.553,0.131,0.31,0.795,0.004,0.003,1055.0,1161.0,1.0
v_1|subj[003_0094],-0.72,0.07,-0.845,-0.588,0.005,0.002,167.0,637.0,1.01
v_1|subj[003_0095],-0.716,0.071,-0.855,-0.592,0.006,0.002,166.0,428.0,1.01
v_1|subj[003_0096],-0.776,0.092,-0.957,-0.614,0.006,0.002,265.0,685.0,1.01
v_1|subj[003_0097],0.088,0.097,-0.083,0.275,0.004,0.003,541.0,875.0,1.0
v_1|subj[003_0098],-0.602,0.077,-0.738,-0.455,0.006,0.002,178.0,510.0,1.01
v_1|subj[003_0100],0.126,0.094,-0.051,0.299,0.005,0.002,321.0,824.0,1.01
v_1|subj[003_0102],0.207,0.103,0.013,0.401,0.005,0.002,359.0,1172.0,1.01
v_1|subj[003_0103],-0.278,0.092,-0.453,-0.105,0.005,0.002,322.0,938.0,1.01
v_1|subj[003_0104],0.253,0.092,0.069,0.419,0.006,0.003,291.0,402.0,1.0
v_1|subj[003_0105],-1.221,0.094,-1.395,-1.042,0.005,0.002,373.0,530.0,1.01
v_1|subj[003_0106],-0.975,0.085,-1.129,-0.813,0.005,0.002,319.0,519.0,1.01
v_1|subj[003_0107],-1.035,0.101,-1.223,-0.846,0.005,0.003,451.0,654.0,1.01
v_1|subj[003_0108],0.032,0.093,-0.14,0.209,0.005,0.002,429.0,854.0,1.0
v_1|subj[003_0109],-1.111,0.099,-1.294,-0.935,0.005,0.002,402.0,1404.0,1.0
v_1|subj[003_0110],1.07,0.222,0.664,1.488,0.007,0.005,1157.0,1070.0,1.0
v_1|subj[003_0111],0.166,0.104,-0.032,0.359,0.005,0.003,419.0,912.0,1.0
v_1|subj[003_0112],-0.163,0.086,-0.319,0.009,0.006,0.002,204.0,563.0,1.01
v_1|subj[003_0113],-0.043,0.094,-0.221,0.135,0.006,0.002,258.0,886.0,1.01
v_1|subj[003_0114],0.217,0.101,0.041,0.412,0.005,0.002,481.0,1360.0,1.0
v_1|subj[003_0115],-0.508,0.073,-0.645,-0.368,0.005,0.003,195.0,419.0,1.01
v_1|subj[003_0116],-0.382,0.106,-0.572,-0.174,0.007,0.003,251.0,556.0,1.0
v_1|subj[003_0117],1.005,0.168,0.696,1.33,0.005,0.003,1379.0,1433.0,1.0
v_1|subj[003_0118],0.314,0.107,0.119,0.513,0.006,0.002,309.0,728.0,1.01
v_1|subj[003_0119],0.858,0.155,0.581,1.163,0.005,0.003,823.0,1279.0,1.0
v_1|subj[003_0120],0.746,0.164,0.471,1.094,0.005,0.004,934.0,1346.0,1.0
v_1|subj[003_0121],0.408,0.114,0.196,0.62,0.006,0.003,406.0,1080.0,1.01
v_1|subj[003_0122],0.122,0.103,-0.06,0.319,0.006,0.003,311.0,696.0,1.0
v_1|subj[003_0123],0.427,0.114,0.217,0.639,0.004,0.003,715.0,1101.0,1.0
v_1|subj[003_0124],1.058,0.155,0.774,1.344,0.005,0.003,972.0,1546.0,1.0
v_1|subj[003_0125],-0.212,0.09,-0.375,-0.054,0.005,0.002,360.0,628.0,1.0
v_1|subj[003_0126],0.174,0.093,0.01,0.357,0.005,0.002,316.0,921.0,1.01
v_1|subj[003_0127],1.14,0.171,0.853,1.469,0.005,0.003,1016.0,1538.0,1.0
v_1|subj[003_0128],-0.576,0.092,-0.743,-0.403,0.005,0.002,299.0,901.0,1.01
v_1|subj[003_0129],-0.056,0.084,-0.217,0.093,0.005,0.002,244.0,759.0,1.01
v_1|subj[003_0130],-0.159,0.101,-0.343,0.034,0.005,0.003,480.0,766.0,1.0
v_1|subj[003_0131],-0.017,0.095,-0.195,0.157,0.005,0.003,330.0,635.0,1.01
v_1|subj[003_0132],0.486,0.121,0.268,0.714,0.006,0.002,440.0,1374.0,1.01
v_1|subj[003_0133],0.131,0.109,-0.065,0.337,0.005,0.003,565.0,966.0,1.01
v_1|subj[003_0134],-0.046,0.081,-0.197,0.102,0.005,0.002,234.0,684.0,1.01
v_1|subj[003_0135],-0.01,0.081,-0.158,0.152,0.005,0.002,245.0,582.0,1.01
v_1|subj[003_0136],-0.158,0.088,-0.319,0.013,0.005,0.002,291.0,806.0,1.0
v_1|subj[003_0137],0.011,0.083,-0.15,0.165,0.004,0.002,358.0,753.0,1.0
v_1|subj[003_0138],-0.33,0.089,-0.491,-0.167,0.005,0.002,325.0,709.0,1.01
v_1|subj[003_0139],-0.357,0.09,-0.525,-0.191,0.005,0.002,321.0,911.0,1.01
v_1|subj[003_0140],0.785,0.129,0.556,1.034,0.005,0.003,777.0,1005.0,1.0
v_1|subj[003_0141],0.388,0.116,0.167,0.601,0.004,0.002,660.0,1167.0,1.0
v_1|subj[003_0142],-0.717,0.08,-0.857,-0.559,0.005,0.002,245.0,781.0,1.0
v_1|subj[003_0143],0.106,0.091,-0.066,0.269,0.005,0.002,285.0,639.0,1.01
v_1|subj[003_0144],-0.73,0.079,-0.876,-0.586,0.006,0.002,194.0,596.0,1.01
v_1|subj[003_0145],0.401,0.117,0.181,0.627,0.006,0.003,401.0,933.0,1.0
v_1|subj[003_0146],0.716,0.14,0.478,0.999,0.005,0.003,691.0,1173.0,1.0
v_1|subj[003_0147],-0.181,0.095,-0.346,-0.0,0.005,0.002,315.0,833.0,1.0
v_1|subj[003_0148],-0.223,0.081,-0.37,-0.066,0.005,0.002,270.0,691.0,1.01
v_1|subj[003_0149],0.415,0.117,0.182,0.615,0.006,0.003,376.0,1014.0,1.0
v_1|subj[003_0150],-0.272,0.084,-0.43,-0.116,0.005,0.002,258.0,823.0,1.01
v_1|subj[003_0151],-0.302,0.076,-0.448,-0.156,0.005,0.002,219.0,570.0,1.01
v_1|subj[003_0152],0.134,0.091,-0.045,0.297,0.005,0.002,375.0,1076.0,1.0
v_1|subj[003_0153],-0.458,0.103,-0.657,-0.264,0.005,0.003,387.0,794.0,1.01
v_1|subj[003_0154],-0.737,0.083,-0.888,-0.58,0.005,0.002,256.0,651.0,1.01
v_1|subj[003_0155],-0.259,0.084,-0.412,-0.097,0.005,0.002,272.0,773.0,1.01
v_1|subj[003_0156],-0.238,0.083,-0.397,-0.088,0.006,0.002,185.0,563.0,1.01
v_1|subj[003_0157],-0.767,0.071,-0.9,-0.636,0.005,0.002,181.0,430.0,1.01
v_1|subj[003_0158],1.285,0.206,0.895,1.653,0.005,0.004,1426.0,1723.0,1.0
v_1|subj[003_0159],1.024,0.15,0.74,1.297,0.006,0.003,771.0,1667.0,1.0
v_1|subj[003_0160],0.737,0.143,0.455,0.985,0.005,0.003,802.0,1251.0,1.0
v_1|subj[003_0161],-0.543,0.096,-0.736,-0.372,0.006,0.002,301.0,799.0,1.01
v_1|subj[003_0163],-1.073,0.104,-1.27,-0.873,0.005,0.003,404.0,724.0,1.0
v_1|subj[003_0164],0.616,0.126,0.389,0.862,0.005,0.003,635.0,1100.0,1.01
v_1|subj[003_0165],0.184,0.101,0.006,0.385,0.005,0.003,473.0,926.0,1.01
v_1|subj[003_0166],-0.203,0.088,-0.376,-0.046,0.005,0.002,272.0,797.0,1.01
v_1|subj[003_0167],0.716,0.136,0.463,0.96,0.005,0.003,855.0,1324.0,1.0
v_1|subj[003_0168],0.523,0.122,0.303,0.744,0.004,0.002,905.0,1637.0,1.0
v_1|subj[003_0169],-0.21,0.088,-0.371,-0.046,0.006,0.002,213.0,579.0,1.01
v_1|subj[003_0170],0.156,0.098,-0.025,0.342,0.005,0.002,359.0,719.0,1.0
v_1|subj[003_0171],0.46,0.122,0.216,0.681,0.005,0.003,684.0,1058.0,1.0
v_1|subj[003_0172],1.311,0.196,0.935,1.661,0.005,0.004,1670.0,1541.0,1.0
v_1|subj[003_0173],1.678,0.18,1.35,2.019,0.005,0.004,1135.0,1174.0,1.0
v_1|subj[003_0174],0.5,0.117,0.293,0.727,0.005,0.003,541.0,1271.0,1.0
v_1|subj[003_0175],0.016,0.103,-0.169,0.219,0.005,0.002,412.0,968.0,1.0
v_1|subj[003_0176],-0.276,0.088,-0.442,-0.118,0.005,0.002,260.0,940.0,1.01
v_1|subj[003_0177],-0.129,0.09,-0.283,0.056,0.006,0.002,259.0,963.0,1.01
v_1|subj[003_0178],0.142,0.107,-0.045,0.348,0.004,0.002,597.0,1039.0,1.0
v_1|subj[003_0179],0.288,0.101,0.109,0.485,0.005,0.002,348.0,629.0,1.0
v_1|subj[003_0180],0.931,0.155,0.63,1.225,0.005,0.003,1035.0,1209.0,1.0
v_1|subj[003_0181],-0.416,0.088,-0.58,-0.247,0.006,0.002,207.0,747.0,1.01
v_1|subj[003_0182],-0.377,0.079,-0.531,-0.229,0.005,0.002,208.0,430.0,1.01
v_1|subj[003_0183],0.066,0.103,-0.123,0.26,0.005,0.002,352.0,1477.0,1.01
v_1|subj[003_0184],0.413,0.113,0.191,0.611,0.005,0.002,555.0,963.0,1.0
v_1|subj[003_0185],0.269,0.096,0.096,0.457,0.005,0.002,433.0,1116.0,1.01
v_1|subj[003_0186],-0.343,0.095,-0.532,-0.182,0.005,0.003,322.0,709.0,1.0
v_1|subj[003_0187],0.221,0.095,0.056,0.404,0.006,0.002,285.0,759.0,1.01
v_1|subj[003_0188],0.29,0.104,0.103,0.487,0.005,0.002,460.0,1075.0,1.0
v_1|subj[003_0189],-0.513,0.081,-0.665,-0.359,0.005,0.002,251.0,781.0,1.01
v_1|subj[003_0190],0.507,0.12,0.281,0.728,0.005,0.003,621.0,864.0,1.0
v_1|subj[003_0191],0.254,0.101,0.053,0.429,0.004,0.002,670.0,1336.0,1.0
v_1|subj[003_0192],0.474,0.119,0.252,0.703,0.005,0.002,587.0,1256.0,1.01
v_1|subj[003_0193],-1.048,0.08,-1.206,-0.904,0.006,0.002,192.0,527.0,1.01
v_1|subj[003_0194],-0.189,0.082,-0.351,-0.043,0.005,0.002,249.0,655.0,1.0
v_1|subj[003_0195],-0.5,0.091,-0.678,-0.342,0.005,0.002,302.0,432.0,1.0
v_1|subj[003_0196],0.797,0.157,0.524,1.116,0.005,0.003,875.0,1272.0,1.0
v_1|subj[003_0197],-0.368,0.084,-0.537,-0.215,0.005,0.002,266.0,645.0,1.01
v_1|subj[003_0198],-0.137,0.081,-0.293,0.009,0.005,0.002,226.0,635.0,1.01
v_1|subj[003_0199],0.197,0.101,0.012,0.386,0.005,0.002,431.0,1481.0,1.0
v_1|subj[003_0200],-0.008,0.088,-0.165,0.159,0.005,0.002,287.0,971.0,1.0
v_1|subj[003_0201],0.472,0.116,0.248,0.68,0.005,0.003,571.0,1059.0,1.0
v_1|subj[003_0202],0.369,0.108,0.177,0.572,0.005,0.003,534.0,824.0,1.01
v_1|subj[003_0203],1.378,0.224,0.972,1.813,0.007,0.006,1125.0,1368.0,1.0
v_1|subj[003_0204],-0.244,0.096,-0.419,-0.064,0.005,0.002,345.0,1056.0,1.0
v_1|subj[003_0205],-0.127,0.08,-0.272,0.022,0.005,0.002,230.0,780.0,1.01
v_1|subj[003_0206],0.354,0.104,0.15,0.545,0.004,0.002,554.0,1063.0,1.01
v_1|subj[003_0207],-1.084,0.083,-1.244,-0.928,0.005,0.002,240.0,596.0,1.01
v_1|subj[003_0208],0.786,0.143,0.517,1.04,0.004,0.003,1138.0,1549.0,1.0
v_1|subj[003_0209],-0.588,0.067,-0.704,-0.454,0.005,0.002,166.0,391.0,1.01
v_1|subj[003_0210],-0.402,0.089,-0.568,-0.24,0.004,0.002,419.0,1019.0,1.0
v_1|subj[003_0211],0.246,0.103,0.059,0.447,0.005,0.002,373.0,1110.0,1.01
v_1|subj[003_0212],0.035,0.096,-0.145,0.214,0.006,0.002,295.0,715.0,1.01
v_1|subj[003_0213],0.156,0.103,-0.044,0.342,0.005,0.003,454.0,833.0,1.0
v_1|subj[003_0214],-0.356,0.073,-0.491,-0.212,0.005,0.002,201.0,432.0,1.01
v_1|subj[003_0216],-0.184,0.086,-0.332,-0.011,0.005,0.002,264.0,671.0,1.01
v_1|subj[003_0217],1.388,0.203,1.012,1.761,0.005,0.005,1407.0,1355.0,1.0
a_1|subj_sigma,0.432,0.027,0.386,0.486,0.001,0.001,509.0,703.0,1.0
