config_id,true_a,post_mean_a,post_median_a,post_std_a,hdi_lo_a,hdi_hi_a,coverage_a,true_z,post_mean_z,post_median_z,post_std_z,hdi_lo_z,hdi_hi_z,coverage_z,true_v,post_mean_v,post_median_v,post_std_v,hdi_lo_v,hdi_hi_v,coverage_v,true_t,post_mean_t,post_median_t,post_std_t,hdi_lo_t,hdi_hi_t,coverage_t,true_sv,post_mean_sv,post_median_sv,post_std_sv,hdi_lo_sv,hdi_hi_sv,coverage_sv,true_sa,post_mean_sa,post_median_sa,post_std_sa,hdi_lo_sa,hdi_hi_sa,coverage_sa,true_st,post_mean_st,post_median_st,post_std_st,hdi_lo_st,hdi_hi_st,coverage_st,rhat_a,rhat_z,rhat_v,rhat_t,rhat_sv,rhat_sa,rhat_st,n_divergences,n_trials,mean_rt,accuracy,elapsed_seconds
0,1.8281729515853278,2.2172828,1.8454868,0.7258235,1.6314328908920288,3.4642882347106934,1,0.599142707195047,0.5279255,0.594019,0.13561535,0.2960077226161957,0.644529402256012,1,-1.5558049299764283,-1.2594712,-1.6628404,0.9643882,-2.2768471240997314,0.34854376316070557,1,0.19620186866128808,0.21480367,0.21015607,0.024065636,0.17880119383335114,0.24876521527767181,1,1.9271217391329014,2.5909104,1.9762278,1.3661908,1.2337579727172852,4.926442623138428,1,1.099263996290986,0.6926719,0.6789121,0.36909428,0.04970775544643402,1.124544382095337,1,0.1043055293594856,0.21100415,0.18988997,0.066519715,0.12649689614772797,0.31470781564712524,0,1.5876358780249045,1.5559440146560766,1.5856476359293588,1.506006187132832,1.5972107481608937,1.2945364648215718,1.5844383725654037,0,500,0.7053519289892781,0.242,23850.442672014236
2,1.8049189812417534,1.944135,1.935224,0.12912148,1.719016671180725,2.209965944290161,1,0.3381395232023647,0.31301087,0.31275874,0.02018838,0.2723856568336487,0.3524565100669861,1,1.6655601793517736,2.0010982,1.9820681,0.27158824,1.504919171333313,2.5475661754608154,1,0.21020200046541976,0.21893482,0.21875644,0.009960332,0.19894783198833466,0.23805248737335205,1,2.0546921513655807,2.5078487,2.489705,0.43304083,1.672539234161377,3.381845474243164,1,0.8983704970835037,0.43081135,0.38571024,0.27672616,0.0074263825081288815,0.9502817988395691,1,0.04655238730633736,0.077344984,0.077604085,0.025067212,0.024409936740994453,0.12366880476474762,1,1.004392776567095,1.0025136312529705,1.003227507965367,1.0024918535943252,1.0057800440165967,1.0017928565358514,1.001767036300428,0,500,0.7205688354600331,0.702,1739.6204540729523
4,2.3078088997825668,2.3402476,2.322322,0.20854296,1.9538687467575073,2.7428669929504395,1,0.4877164728630793,0.44622526,0.44785577,0.053940464,0.340322345495224,0.5535416007041931,1,-2.1419013640848217,-2.0480335,-2.0253386,0.45913136,-2.9320285320281982,-1.1623724699020386,1,0.39757528096020833,0.40912294,0.40643996,0.027972037,0.3582397401332855,0.46650782227516174,1,1.4082206808970867,1.2934874,1.2868104,0.33404937,0.6379149556159973,1.9444594383239746,1,0.7571143138043573,0.7864117,0.73174,0.45152414,0.016039220616221428,1.6175379753112793,1,0.05427147968196175,0.06932953,0.06681839,0.040732536,7.973366336955223e-06,0.1397990733385086,1,1.0057513634543835,1.0070877455094316,1.008454777852867,1.0050580382380683,1.0075361115016332,1.0000848255576273,1.001282591989679,0,500,1.0124688506849897,0.076,2827.0154531002045
6,1.9291541891792834,2.0309017,2.026395,0.1738719,1.7039260864257812,2.3962149620056152,1,0.5777846718311193,0.58311814,0.58409417,0.028778818,0.5279685258865356,0.6415771245956421,1,-1.2397861747728975,-1.5793562,-1.5671871,0.34026733,-2.2953848838806152,-0.9413158893585205,1,0.28708136039174864,0.30381325,0.3031944,0.02133353,0.26480546593666077,0.3482418954372406,1,1.3948855952255992,2.0031767,1.9805663,0.5391275,0.992162823677063,3.135934829711914,1,1.2987180604081028,0.69179213,0.65297306,0.3972668,0.029230639338493347,1.3952555656433105,1,0.1029259793162931,0.21296017,0.21319178,0.046975575,0.12874647974967957,0.309946209192276,0,1.0039755161283097,1.0018438764906314,1.0020188286593381,1.0019029698002306,1.0033129503562406,1.0017835234371315,1.0016999923010537,0,500,0.9027031724360225,0.264,2038.756916999817
8,1.3266575161318632,1.4688313,1.4627258,0.11293291,1.251046895980835,1.6874221563339233,1,0.37429760883179714,0.48783255,0.48977935,0.043250963,0.40001702308654785,0.5664200186729431,0,-1.0369235075802723,-2.3555768,-2.3308158,0.5149488,-3.3283863067626953,-1.3275392055511475,0,0.43873194115166847,0.4210066,0.42095038,0.015795706,0.39141613245010376,0.45333513617515564,1,0.7790237704167724,2.0063791,1.9818878,0.51494616,1.0374655723571777,3.0741212368011475,0,1.1215926790723156,0.5333068,0.5134623,0.29451764,0.015109744854271412,1.0525147914886475,0,0.14591586376068588,0.16518122,0.16592683,0.025439728,0.1131913885474205,0.21411015093326569,1,1.004341743377204,1.0045744147490003,1.0035439921232476,1.0048141542046332,1.0021652540933284,1.0017404339876836,1.0022120830379395,0,500,0.7278218532193879,0.158,1919.7861881256104
10,1.2090505139887409,1.4642842,1.4652948,0.122230485,1.2220969200134277,1.70396089553833,0,0.5759690769625814,0.57198244,0.5722729,0.020406777,0.5322285890579224,0.6111657619476318,1,-0.9806142583347826,-1.2063535,-1.1938672,0.2938524,-1.758429765701294,-0.6227788329124451,1,0.2605755045132077,0.24908763,0.24870825,0.007620451,0.23332490026950836,0.2629944980144501,1,2.482083943767354,3.7651432,3.7726364,0.7252989,2.352889060974121,5.244991302490234,1,0.8413606611720414,0.69345385,0.7259869,0.3166423,0.03980271518230438,1.1810890436172485,1,0.06274051727391763,0.03899388,0.038273014,0.020916702,8.387965499423444e-05,0.07580781728029251,1,1.0020492147749158,1.0027999123137288,1.0034328468892921,1.0011045739951094,1.0032441861813737,1.0018070053716512,1.0031383063790513,0,500,0.5417740761060841,0.4,2546.8621649742126
12,0.6979374690805993,1.7704253,1.8287065,1.0685589,0.6671971082687378,2.8595197200775146,1,0.5542545661952432,0.5569133,0.52184355,0.07998671,0.49268126487731934,0.6914722323417664,1,0.4393715930388842,0.23703323,0.43008327,0.5265716,-0.6186087131500244,0.7069186568260193,1,0.49053988094586864,0.43184847,0.4325649,0.054316465,0.36077484488487244,0.4901353716850281,0,1.7210837301014077,4.3998737,5.8184223,3.5055184,0.1550012230873108,8.491464614868164,1,0.08069839111561884,0.4553399,0.5467279,0.31622213,0.04626866802573204,0.9093276262283325,1,0.1053377752663434,0.13840514,0.13158746,0.05661715,0.08224406838417053,0.23221486806869507,1,2.2428332770062327,1.970561531038517,1.8336726144399234,2.5425701884022534,2.2751522273712164,2.143140702954519,2.6067550192829767,0,500,0.6008331140898817,0.588,46541.35117506981
14,0.8759604188014305,0.91943604,0.9170494,0.03502354,0.8549240827560425,0.9908947944641113,1,0.6295190736143292,0.5891901,0.58969057,0.027357131,0.5351898670196533,0.6419969201087952,1,1.2666227672813104,1.5386152,1.5134184,0.23763667,1.1176844835281372,2.0186080932617188,1,0.27817788344449546,0.26568273,0.26612866,0.0067641777,0.25261390209198,0.2789124846458435,1,0.6449813324382931,0.53018373,0.4570163,0.38446,4.770306986756623e-05,1.243355393409729,1,0.6001072862941683,0.22389142,0.20633158,0.1397241,0.0010183294070884585,0.4780236780643463,0,0.09166410046232917,0.08093472,0.08139908,0.01198924,0.05623180419206619,0.10309936106204987,1,0.9999989829407466,1.002177196089148,1.0015603755885847,1.0005808447370028,1.0021917947408385,1.0039407529460584,1.0004892037797777,0,500,0.42828795795921903,0.848,1991.412712097168
16,0.7238092565844599,1.229828,0.7239614,0.89078593,0.6644689440727234,2.771942138671875,1,0.6950434084273723,0.64271283,0.6477494,0.03248903,0.5972455143928528,0.6931813955307007,0,-1.334051222493943,-0.93459165,-0.9608853,0.31848538,-1.4795680046081543,-0.5282539129257202,1,0.2738507224450614,0.25156155,0.26433825,0.026336024,0.20646320283412933,0.27318596839904785,0,2.6336211594502337,3.6198442,1.585468,4.0740952,0.16832232475280762,10.528412818908691,1,0.5535742891732268,0.5432872,0.41465077,0.3517679,0.13376416265964508,1.1201353073120117,1,0.06778838380572702,0.06445362,0.05982357,0.016024234,0.04369460791349411,0.08957363665103912,1,1.5946572139629909,1.5637533183767278,1.4497347140079222,1.5329748614350347,1.5270950683346802,1.5999589701984076,1.5278051150791458,0,500,0.3791379390500424,0.488,26608.90241098404
18,1.1651508764610548,1.7462602,1.1716033,1.0243945,1.0865281820297241,3.5199673175811768,1,0.4751841765927115,0.47417817,0.50336766,0.066675164,0.3618028163909912,0.539803147315979,1,0.5488758869655519,0.48198023,0.42721134,0.21452536,0.18089142441749573,0.7963255047798157,1,0.3516300866349827,0.31948003,0.34333688,0.049295746,0.23506392538547516,0.3617703318595886,1,0.9952201674149741,1.8304172,0.89452356,1.9800702,0.08528955280780792,5.221911907196045,1,0.08210340096598585,0.66410947,0.32312116,0.70549756,0.05238303542137146,1.8633215427398682,1,0.11993767965044028,0.12646598,0.1041148,0.055712406,0.06541070342063904,0.2174254059791565,1,1.5389064711285376,1.528617486796003,1.4703948635522621,1.5472559357381923,1.5952501296354382,1.5921944577958558,1.5465380781561806,1,500,0.6559918518097893,0.602,16640.890985250473
20,0.8926529122538804,0.9190711,0.9169599,0.042781536,0.8348639011383057,1.0054854154586792,1,0.5957062198298135,0.5668986,0.5671119,0.028800614,0.5080726146697998,0.6218416690826416,1,-2.9539174634595664,-2.813164,-2.783611,0.29255363,-3.42012357711792,-2.2950141429901123,1,0.42222957847308307,0.41434893,0.41395676,0.008567153,0.39798519015312195,0.4319973886013031,1,0.536503575100684,0.6172196,0.5786097,0.39690298,0.0018939103465527296,1.3227367401123047,1,0.166992394794005,0.24984995,0.22281437,0.16015458,0.0033727679401636124,0.5552030801773071,1,0.13423099384765186,0.11955696,0.119732544,0.015187931,0.08950138092041016,0.14781534671783447,1,1.0020607749215034,1.0022599462395025,1.0011340419257129,1.0025615009618105,1.002739067026179,1.0004219059325385,1.0018763503872676,0,500,0.5663631905618599,0.116,1229.3007640838623
22,2.103718136331952,1.9956585,1.9871718,0.10313586,1.79294753074646,2.188551425933838,1,0.5846831412056557,0.57183886,0.5707021,0.03015795,0.5148957967758179,0.6321534514427185,1,-1.9081783037082918,-1.8273457,-1.8036766,0.20963882,-2.2415754795074463,-1.4387515783309937,1,0.4037107373206327,0.41765198,0.416575,0.021608807,0.37682709097862244,0.4604562520980835,1,0.6517551110802503,0.58768517,0.5838028,0.21169518,0.1580144762992859,1.0316649675369263,1,0.6623888401393166,0.6480144,0.5989928,0.38595393,0.021852577105164528,1.3653967380523682,1,0.04004786622230116,0.070516676,0.060736805,0.05084947,3.6201367038302124e-05,0.16697187721729279,1,1.001827340077439,1.0032686283167638,1.0031238584624536,1.0012095436631077,1.0023313624959098,1.0015925699600126,1.0021491891982348,0,500,1.009149606832106,0.072,1010.4080331325531
24,0.7074452328638972,1.4182979,0.6921406,1.2705224,0.650892436504364,3.619779109954834,1,0.4176188185614595,0.48728937,0.43913093,0.097517505,0.40570440888404846,0.6543513536453247,1,0.861931045358773,0.7977339,0.74911726,0.1753242,0.4880729615688324,1.1819313764572144,1,0.2629005906180189,0.25316137,0.25901884,0.012729184,0.2315172553062439,0.2649019956588745,1,2.5408297540931803,1.785008,1.1014848,1.6444002,0.0932236909866333,4.480597496032715,1,0.12544513897952633,0.5668963,0.1862067,0.7170017,0.029516024515032768,1.8015910387039185,1,0.03612342058286108,0.059367623,0.034329623,0.049293816,0.01992737501859665,0.14402224123477936,1,1.5722389486955322,1.5304596303906604,1.0901556225479638,1.5494478529172178,1.5946295232914236,1.5610414442580998,1.5911703451988137,0,500,0.3711138400109194,0.564,5308.398104190826
26,0.7404043201407209,0.71239895,0.7021124,0.050200917,0.6331281661987305,0.8184211254119873,1,0.6512879187661826,0.66896355,0.67008424,0.02818496,0.6118448972702026,0.722538411617279,1,-0.06850216096172179,-0.43620467,-0.45101303,0.3124122,-1.0100833177566528,0.21434377133846283,1,0.4976385476898688,0.49724063,0.49901322,0.005601026,0.4837051331996918,0.5044898986816406,1,2.6950368712938313,1.6168096,1.4668556,1.1078169,0.0014253654517233372,3.6536481380462646,1,0.5645283721455293,0.31950447,0.3283691,0.13689236,0.04173687845468521,0.5488628149032593,0,0.14395385291917767,0.14293829,0.1441715,0.00830773,0.12422913312911987,0.15797075629234314,1,1.0019435012939764,1.002805845702089,1.002776064489096,1.0034623937745635,1.0029997364686682,1.0033461776156054,1.003151658188985,0,500,0.6040557521108331,0.586,566.5495808124542
28,2.2339957807665987,2.136531,2.1245687,0.13751794,1.8795863389968872,2.4052114486694336,1,0.6401945286001116,0.5685129,0.5674782,0.040230233,0.49067234992980957,0.6488748788833618,1,-2.6365200738707992,-2.238287,-2.1996918,0.26024988,-2.7765579223632812,-1.8119863271713257,1,0.30683134990577454,0.3324602,0.3322912,0.027953416,0.27761727571487427,0.3871542811393738,1,0.746857264914435,0.41998047,0.41663152,0.23904568,0.0002355226461077109,0.8209512233734131,1,1.4035856223258774,0.7970525,0.76350904,0.4655101,0.013119691051542759,1.6161153316497803,1,0.08202963631432009,0.073619634,0.06622883,0.05149639,9.025453618960455e-05,0.167502298951149,1,1.0053527982322863,1.0064999789566922,1.00777662994137,1.0031155443806816,1.0054768901003033,1.0020958444861814,0.9999467866820623,0,500,0.870884470080312,0.026,695.935310125351
30,0.9202062974245248,1.4444063,0.9125664,0.9591094,0.8113421201705933,3.1074132919311523,1,0.632652044914563,0.6086654,0.613649,0.041807827,0.5515199303627014,0.6745124459266663,1,-2.008355647123687,-1.2805498,-1.6027334,0.9733719,-2.430220127105713,0.30225804448127747,1,0.3423813541296849,0.32110626,0.34758866,0.051601812,0.23217718303203583,0.3616671562194824,1,2.4321269073899305,3.0580776,2.118436,2.3553905,0.42591914534568787,6.976642608642578,1,0.5415355760227764,0.4288075,0.37404066,0.2635146,0.06423411518335342,0.8148714900016785,1,0.13545499122009486,0.15811072,0.14772451,0.029590182,0.1226372942328453,0.20552080869674683,1,1.5920525400867331,1.506707051216196,1.582507142573693,1.5865574378806822,1.5922829620090406,1.5401928566314873,1.5506724021007448,0,500,0.5109224113332674,0.34,5409.321071147919
32,2.12802520014096,2.1607134,2.1552844,0.16629028,1.8239878416061401,2.4695851802825928,1,0.6142248002790551,0.611437,0.61177117,0.021997366,0.569614589214325,0.6550295948982239,1,-1.5074117897936017,-1.2998552,-1.2825185,0.22601222,-1.737320899963379,-0.875530481338501,1,0.30174806626233724,0.280851,0.2795173,0.016108237,0.25098150968551636,0.3128419816493988,1,1.9660175944644427,1.8668102,1.8579013,0.41032284,1.030735731124878,2.6414074897766113,1,1.53817119028625,0.7374681,0.7123251,0.40386268,0.025754056870937347,1.4684677124023438,0,0.034598684250545096,0.067084044,0.06101975,0.045029003,1.2105399491701974e-06,0.15006572008132935,1,1.001825237466263,1.001442313570625,1.0024294666018247,1.0003196760581081,1.0020523241720325,1.0014530650216744,1.0017528623955771,0,500,0.98168512960769,0.308,553.0229539871216
34,2.291487567808784,1.8941097,1.8967729,0.1603559,1.6143543720245361,2.1989076137542725,0,0.40100099474827466,0.4412137,0.44138145,0.018464264,0.40413835644721985,0.4763907194137573,0,0.6439844041171958,0.416813,0.40925527,0.12563485,0.17940963804721832,0.6578326225280762,1,0.23424713892978047,0.2496376,0.24821343,0.016275207,0.22178098559379578,0.28430816531181335,1,2.3768303734659666,1.2244653,1.2914834,0.52814806,0.08724677562713623,2.0696303844451904,0,0.9649398651394346,0.5953395,0.56241715,0.34692967,0.016313418745994568,1.2106115818023682,1,0.08738698006709486,0.05329167,0.047109965,0.03706092,5.632138709188439e-05,0.1247306689620018,1,1.0015964838340623,1.0026196722808145,1.0021182489524005,1.0008212089817232,1.0024289446843668,1.0006712581905564,1.0016273194663685,0,500,0.9445856414036102,0.57,749.7452712059021
36,1.6626187827738166,1.6750766,1.6633132,0.13540289,1.4378631114959717,1.950762391090393,1,0.6989495286643942,0.6579941,0.6583982,0.044151932,0.5735027194023132,0.7412728071212769,1,1.2906767653074223,1.433351,1.4177617,0.48981482,0.4631442725658417,2.300746440887451,1,0.18456973654571251,0.1761672,0.17660724,0.016547209,0.1456800252199173,0.20770946145057678,1,1.5731641448936355,1.494896,1.4993517,0.5075166,0.5044815540313721,2.506110191345215,1,1.0875605907796988,0.6091324,0.5942856,0.31374303,0.010599843226373196,1.140779972076416,1,0.12134982092614122,0.13390942,0.13389538,0.019420724,0.09561293572187424,0.17156054079532623,1,1.0013551425924974,1.0035800671241977,1.001853568996066,1.0031879203487124,1.0021926364860005,1.0016286316046215,1.0012863319655085,0,500,0.5585875975338581,0.846,523.7751092910767
38,0.9667773611086505,1.050188,1.0436833,0.06748025,0.930106520652771,1.188037395477295,1,0.33032274620737295,0.3226224,0.3179059,0.048375588,0.2370961755514145,0.4201517105102539,1,-2.7971979043099755,-3.0304146,-2.9599524,0.6398264,-4.237024307250977,-1.8425707817077637,1,0.31582994994598274,0.31619975,0.3163156,0.008469167,0.2996208667755127,0.3318658769130707,1,0.8943388649181554,1.2357022,1.2517958,0.5336673,0.09813936054706573,2.163336992263794,1,0.32388062856843763,0.30601954,0.28874707,0.18509898,0.003015631577000022,0.6504056453704834,1,0.14474465778817117,0.14487416,0.14496024,0.010379328,0.12542560696601868,0.16592097282409668,1,1.002765810728953,1.0078750011406867,1.0062883319045959,1.006100186896179,1.004665354810934,1.0009563885425419,1.0038108815491658,0,500,0.43084228772834876,0.036,537.5587739944458
40,0.6765198210554021,0.69133085,0.69121766,0.02956034,0.6310757398605347,0.7473675012588501,1,0.4459074980997002,0.49564305,0.4950512,0.024860658,0.44812098145484924,0.5447383522987366,0,2.4132377332811803,2.110249,2.099138,0.24992187,1.6016249656677246,2.5834574699401855,1,0.25754759104283487,0.25092882,0.2508819,0.0058792126,0.23959730565547943,0.2619839608669281,1,1.039003080176532,0.55831814,0.4719466,0.4225377,0.00045353409950621426,1.3850390911102295,1,0.4357815316456804,0.26268923,0.25926077,0.13443966,0.008399867452681065,0.49313274025917053,1,0.07304942888410708,0.068095654,0.06858216,0.010719803,0.04653286561369896,0.08786135911941528,1,1.0007431014561246,1.00146242479533,1.001958478588965,1.000404600379762,1.0036989492709811,1.0011214442647358,1.0025898098085337,0,500,0.3530672165322421,0.798,353.6309151649475
42,2.3689186682679706,3.012255,3.068295,0.37464905,2.2144196033477783,3.5902910232543945,1,0.4132031504844432,0.41846913,0.41917765,0.019629994,0.37828654050827026,0.45564040541648865,1,0.12728064553415308,0.04823817,0.055449016,0.11208523,-0.18133439123630524,0.25402119755744934,1,0.4524107064462829,0.37132344,0.3634769,0.03944352,0.3088284730911255,0.45504230260849,1,0.6144734112974903,1.4354721,1.5509117,0.55278546,0.017618294805288315,2.16489839553833,1,1.9523462379135434,1.2579544,1.2878733,0.6526464,0.057631418108940125,2.314377546310425,1,0.032853224742737636,0.066015236,0.053769737,0.052287225,7.967890269355848e-05,0.16706641018390656,1,1.011254340825572,1.0059163002382843,1.005933544672329,1.0129475323062984,1.0112837621817565,1.006718716404552,1.001663637083032,0,500,1.7553957207266584,0.488,916.0274341106415
44,2.2060547179110688,2.0600762,2.0456884,0.1488945,1.7818537950515747,2.3431625366210938,1,0.37800340305184754,0.349259,0.34935737,0.024987036,0.302018404006958,0.4003443419933319,1,2.019050199574358,1.9723287,1.9463398,0.302939,1.3982765674591064,2.570099353790283,1,0.34430450353008524,0.33217585,0.33145076,0.015167532,0.303518682718277,0.36240532994270325,1,1.9230664674270896,1.6958148,1.6622195,0.3808283,1.0072633028030396,2.5026512145996094,1,0.6820255923377534,0.6237766,0.5780386,0.37622663,0.02446022443473339,1.3389345407485962,1,0.14234958738648112,0.07758013,0.07587974,0.044264767,4.010367774753831e-05,0.1525491327047348,1,1.0032935253761162,1.0038363736189826,1.004177486371747,1.000476784551863,1.0036498785499346,1.0015820928136296,1.002072758975881,0,500,0.9422618876853471,0.792,563.2199110984802
46,1.539785124481876,1.6565099,1.6350789,0.090453066,1.5170361995697021,1.869990348815918,1,0.32396478523636785,0.30506182,0.3045891,0.017978402,0.27123522758483887,0.34068015217781067,1,0.027559151960812933,0.12680815,0.14339948,0.12397189,-0.12960073351860046,0.3444896340370178,1,0.3732426419687326,0.3631836,0.3640899,0.010211822,0.34024104475975037,0.3824453055858612,1,0.14841901167661098,0.46702573,0.36016038,0.4113194,2.17369306483306e-05,1.4199343919754028,1,1.2447112739259651,1.0134519,1.0397364,0.26467305,0.43657082319259644,1.486051321029663,1,0.04333282940462378,0.02702293,0.023947615,0.01908897,2.790302642097231e-05,0.06261646747589111,1,1.0064888297392385,1.0038356325607412,1.0049954238047938,1.0052612921586295,1.0071689794978507,1.0037530614263412,1.0018703367135953,2,500,0.9535475454949786,0.366,521.0703480243683
48,1.2389422308458042,1.1948375,1.1821256,0.064093515,1.0888421535491943,1.335919976234436,1,0.40726549697230613,0.39894494,0.39952612,0.01869329,0.3605985641479492,0.4348633587360382,1,0.5856503983099821,0.66707546,0.6560097,0.12836552,0.43148073554039,0.9315329790115356,1,0.16344757496684678,0.17697956,0.17619109,0.010715251,0.15709397196769714,0.1988459676504135,1,0.22398634285947513,0.63042396,0.48684204,0.5252043,0.0006352568161673844,1.696557879447937,1,0.5678211268024055,0.42314908,0.41312188,0.22377099,0.024041248485445976,0.8165635466575623,1,0.05956391366108878,0.1009166,0.09934733,0.022424933,0.060797031968832016,0.14860369265079498,0,1.0044318845482745,1.0030684094178726,1.0024349700926996,1.0050789467218342,1.0022029520922486,1.004337036062348,1.0037096150574343,1,500,0.5042329818086434,0.576,521.7928709983826
50,0.8207359479146464,0.7383607,0.73120624,0.040119153,0.673514723777771,0.8212193846702576,1,0.31393847323530705,0.32296485,0.3230173,0.021083312,0.28461524844169617,0.3658982515335083,1,0.8238137983360989,0.8988413,0.9020973,0.22876026,0.4468679428100586,1.3443775177001953,1,0.4099312086772636,0.41474617,0.41491586,0.004272385,0.4063829183578491,0.4224415719509125,1,2.1969107193124264,1.2202635,1.0580425,0.86651844,0.0009100905153900385,2.8818764686584473,1,0.24214500235091302,0.24091302,0.23743896,0.12852073,0.009053888730704784,0.4646487534046173,1,0.056115442332096324,0.06722371,0.067337215,0.007929593,0.05189161002635956,0.08248647302389145,1,1.000101658017644,1.0003449735262304,1.000246581265454,1.0003617453826184,1.0015195755870527,1.0011552307286864,1.0012487140037145,0,500,0.5315748343581395,0.472,520.3463008403778
52,1.5219672722205522,1.4316192,1.4353426,0.1293645,1.152162790298462,1.6768065690994263,1,0.476591861519865,0.4525223,0.4524374,0.023193918,0.40617653727531433,0.49799463152885437,1,0.9093574194563274,1.051041,1.0451255,0.28673548,0.457248717546463,1.5858114957809448,1,0.4552004255769594,0.45503443,0.45469248,0.010444654,0.43486928939819336,0.4753722846508026,1,2.778528324820481,2.7289722,2.772307,0.78022915,1.1497786045074463,4.353636741638184,1,0.9293533839317059,0.5742473,0.57134426,0.2914766,0.023615268990397453,1.0550553798675537,1,0.0780440664653449,0.0971195,0.09634912,0.021218294,0.05453230440616608,0.1379181295633316,1,1.007465993145162,1.0040763671614792,1.0068988220234485,1.000691751080927,1.008428429156384,1.002012976478786,1.0025868419636137,0,500,0.7813070075487192,0.618,526.8153228759766
54,1.9085001486551274,1.9036089,1.900241,0.17693771,1.5595215559005737,2.256723642349243,1,0.3854438734601895,0.42654553,0.42592302,0.027065529,0.37678608298301697,0.4840763211250305,1,1.4102448821371043,1.3996582,1.3704095,0.33323452,0.7761650085449219,2.0631463527679443,1,0.1755781198465801,0.19710155,0.1967862,0.021203974,0.15385043621063232,0.2365557849407196,1,1.7916069253164735,2.202897,2.1575966,0.63244087,1.0169847011566162,3.4695329666137695,1,1.188910220974054,0.9721673,1.0141299,0.38387787,0.11916770786046982,1.5980925559997559,1,0.12588075911857807,0.15141112,0.15285245,0.05464697,0.038862232118844986,0.25086334347724915,1,1.0042303760030893,1.0031758205634398,1.0030393541521967,1.001382066193599,1.0044969348082011,1.002039250260587,1.0007349075217884,2,500,0.7325845837392444,0.692,556.0326998233795
56,1.4138933503068687,1.393973,1.3795432,0.13272937,1.1697198152542114,1.6696292161941528,1,0.357488773571721,0.37459832,0.36989975,0.0647368,0.24757501482963562,0.5019347667694092,1,-3.09413489372992,-3.337504,-3.2469401,0.49886793,-4.402662754058838,-2.5438003540039062,1,0.44374409074604604,0.44939694,0.44993687,0.017461058,0.4127735495567322,0.4815078377723694,1,0.27043484233099013,0.5987469,0.56761205,0.37863117,9.967179357772693e-05,1.2778534889221191,1,0.6112955858740768,0.42453218,0.37861547,0.2772917,0.005921965464949608,0.9493038058280945,1,0.09715362015183203,0.11664219,0.115906194,0.020805046,0.07788137346506119,0.16032642126083374,1,1.0027854714677715,1.0029241061118706,1.0023936362403911,1.0023914258893754,1.0038172671616779,1.0011468265831778,1.0015646348958438,0,500,0.6072284450514367,0.008,634.3664197921753
58,1.9879507832478969,2.5375738,2.5148678,0.26485464,2.0351881980895996,3.0615851879119873,0,0.6189076465208774,0.54741013,0.5453838,0.046431884,0.4603051245212555,0.6462145447731018,1,1.7470199757806535,2.941794,2.919671,0.6229991,1.7727066278457642,4.156235218048096,0,0.23353868150772128,0.21260563,0.21264261,0.025225833,0.16622799634933472,0.26404985785484314,1,1.4833071940072418,2.4787397,2.4530606,0.5192964,1.5409083366394043,3.50087308883667,0,1.1467839915497222,1.2960843,1.3418303,0.520596,0.22814244031906128,2.226447105407715,1,0.1476472593393166,0.14438865,0.14906527,0.050039507,0.04039958864450455,0.24197646975517273,1,1.001663649253061,1.0036795558704648,1.0021768565248574,1.00288550211022,1.002266536977039,1.0017074808113218,1.0013292993087832,2,500,0.7651285865835495,0.878,563.8755829334259
60,1.8066454642433327,2.0482934,2.0301352,0.20428418,1.7085418701171875,2.467658042907715,1,0.5881631781911152,0.45376006,0.452626,0.058698952,0.340908408164978,0.569794237613678,0,2.8104335065294697,3.8350308,3.7934694,0.68436563,2.604062557220459,5.249866008758545,1,0.38515217854469674,0.33787787,0.3370677,0.02047011,0.2989487648010254,0.3792111575603485,0,1.1789038781091052,1.9602221,1.9370291,0.4069711,1.1905163526535034,2.776691436767578,0,1.2969521715176904,0.6933468,0.6643072,0.38674128,0.010425938293337822,1.372347116470337,1,0.13916932508038296,0.110386066,0.110560715,0.028279193,0.0567733459174633,0.1682930886745453,1,1.0043841125853232,1.0037790681038412,1.0043222323874645,1.0035349250878982,1.0034567665991379,1.0023256390874131,1.0015107409463084,1,500,0.7023128264376713,0.958,609.6770601272583
62,0.7831666602424466,1.2575877,0.7723626,0.8605303,0.7058852910995483,2.748044490814209,1,0.3689233869197722,0.40074542,0.40895572,0.029120108,0.3393956124782562,0.4579981565475464,1,2.5207923167293957,1.3711528,1.8356346,1.3048918,-0.7867304086685181,2.853543519973755,1,0.1800707748225207,0.15989475,0.17720824,0.033573713,0.10214733332395554,0.18611367046833038,1,2.115641202671548,3.0676978,1.8005159,2.8965676,0.22962605953216553,8.008056640625,1,0.15853560737760322,0.563616,0.3810684,0.46313006,0.07187758386135101,1.3332676887512207,1,0.14670085094103177,0.12934396,0.13828982,0.02530022,0.08843767642974854,0.158866286277771,1,1.5442878433982616,1.498638351016289,1.5867499571525163,1.5358537391717213,1.5972062476060571,1.5892547096311398,1.5397500452433386,0,500,0.30149687133009007,0.702,5390.3371658325195
64,1.1414396258556208,1.1188264,1.1111684,0.057920404,1.0122277736663818,1.230454683303833,1,0.6871613189954707,0.6666381,0.6655898,0.022274438,0.6232886910438538,0.7105600833892822,1,-1.4249628048050331,-1.5313781,-1.4982803,0.23710996,-1.9934701919555664,-1.1178808212280273,1,0.18885185653831535,0.19046827,0.1906126,0.009208896,0.17266960442066193,0.20826531946659088,1,1.1275968046817082,0.95634425,0.92378694,0.5739461,0.0012154136784374714,1.96761155128479,1,0.2764205598277893,0.27456304,0.25187665,0.16953734,0.0029579224064946175,0.5935460329055786,1,0.11099594463801192,0.11256026,0.11324063,0.02112299,0.073390893638134,0.15542440116405487,1,1.0055668660694839,1.0084128159579882,1.0082847678378795,1.0010438850463252,1.0106159978277283,1.0018637610269445,1.001242027769316,0,500,0.44777211038731013,0.334,484.72253704071045
66,1.3609544810625678,1.4466658,1.4354329,0.098503746,1.2718751430511475,1.650414228439331,1,0.36187958988929525,0.32197887,0.31802565,0.052394602,0.22718468308448792,0.420884907245636,1,-2.5583859896688748,-2.3084314,-2.2328694,0.46435472,-3.2404680252075195,-1.5207594633102417,1,0.24927258799636812,0.2457433,0.24605718,0.014921318,0.21800436079502106,0.2716672122478485,1,0.8515367287911911,0.71113545,0.6974357,0.37395522,0.0004244757874403149,1.353954553604126,1,0.31245829823454435,0.45000368,0.40990776,0.26751485,0.009071359410881996,0.9505510330200195,1,0.04722775947724352,0.047902852,0.05015228,0.024993354,5.891767796128988e-05,0.08524391055107117,1,1.0046603680227522,1.0089656776279134,1.0105075320030648,1.0080476622724956,1.0137399213443803,1.001734968184215,1.00590212599326,0,500,0.45050819805596837,0.024,740.1935429573059
68,1.2844642416619125,1.6579882,1.2633426,0.77189094,1.0380616188049316,2.9862935543060303,1,0.5611393599054219,0.61605674,0.62153876,0.041849867,0.5315791368484497,0.6986011266708374,1,2.4761417284916805,1.4092226,1.7348843,1.0937707,-0.20961669087409973,2.867518424987793,1,0.39310274352721364,0.38365307,0.39896402,0.037036743,0.32150042057037354,0.42267823219299316,1,2.857122463678678,3.628478,2.8273864,2.143412,1.0961569547653198,7.157495021820068,1,0.3671780908088144,0.4609291,0.49357533,0.22644918,0.020497575402259827,0.8731436133384705,1,0.07103637168724303,0.11981093,0.08000064,0.0816815,0.05013081058859825,0.25958752632141113,1,1.5385762837927115,1.0819691428100875,1.5696830873800123,1.5834103112657798,1.564976005111108,1.5291919678642845,1.589993222548941,0,500,0.6200440276110779,0.792,4054.176821947098
70,2.0027380553910104,2.1970103,2.182857,0.1636822,1.8912116289138794,2.5132179260253906,1,0.5236540095717853,0.55938756,0.55980325,0.033282228,0.4968408942222595,0.6253790259361267,1,-1.3910736820767788,-1.9032379,-1.8699274,0.3594522,-2.5776236057281494,-1.2492934465408325,1,0.30996997980392443,0.3158658,0.31405857,0.026262516,0.2662642002105713,0.36688318848609924,1,1.1077745029120667,1.5892622,1.5487881,0.3767813,0.9094877243041992,2.334280490875244,1,0.9699944054886861,0.812732,0.7881156,0.43177396,0.05114300549030304,1.5932501554489136,1,0.0636872650315657,0.1416363,0.13994452,0.071752235,0.00016597547801211476,0.26149266958236694,1,1.0032565107072617,1.0014479452760634,1.0016804176271963,1.000741080294467,1.0023821078210715,1.0009491742201633,0.9997175110826529,0,500,0.9742450686956206,0.168,428.9933748245239
72,2.0417800921726292,1.992878,1.9814961,0.18316813,1.6606874465942383,2.361957550048828,1,0.6455112341722913,0.62345415,0.6241346,0.027105115,0.5698559880256653,0.6739823818206787,1,-2.108451687646615,-1.9208214,-1.9033563,0.341556,-2.5923821926116943,-1.2775486707687378,1,0.3897406065150808,0.37441507,0.37356848,0.015833577,0.3460865914821625,0.40533217787742615,1,2.340587364695034,1.9934602,1.9658709,0.49378514,1.0147125720977783,2.9094338417053223,1,1.4936524810904923,0.9279619,0.9651473,0.4411814,0.036484308540821075,1.5921828746795654,1,0.04819491512902753,0.04413644,0.0358427,0.035066504,4.7560344683006406e-05,0.11472876369953156,1,1.00440337507343,1.0015973982918882,1.0056617080822858,1.003604243656546,1.003642242496714,1.003383646768673,1.0027567299168945,0,500,0.9404331353535389,0.236,409.41324377059937
74,1.0912806462316007,1.0611421,1.054318,0.055889934,0.963973879814148,1.1747276782989502,1,0.6633414525337914,0.65808094,0.6562437,0.025443824,0.6096948385238647,0.7074707746505737,1,-1.6686691109656109,-1.8275554,-1.7799141,0.30699766,-2.440450429916382,-1.2942330837249756,1,0.43237588373674307,0.43236083,0.43282625,0.010122708,0.4128417670726776,0.4515613913536072,1,1.6464755190590894,1.1956968,1.1360699,0.5823225,0.15805484354496002,2.402526378631592,1,0.09053429939324699,0.2873816,0.2653857,0.17402795,0.003382838563993573,0.6130902767181396,1,0.13696417462651916,0.12099774,0.120764196,0.0231534,0.07683633267879486,0.1668420135974884,1,1.0017929175021463,1.0014927854046192,1.001467675260689,1.0003472349275642,1.0024816755786874,1.0012821173212836,1.0007476634545955,0,500,0.6565219081365211,0.302,292.9177129268646
76,0.9589957329431227,0.89136773,0.88434076,0.046990752,0.8048261404037476,0.9860468506813049,1,0.3332170178307723,0.34387562,0.34403226,0.02395088,0.29785221815109253,0.3896632790565491,1,2.165284909946811,1.8918091,1.8539319,0.31160334,1.3582650423049927,2.5334649085998535,1,0.1863508613739604,0.18567242,0.18536717,0.0050267326,0.17588889598846436,0.19549977779388428,1,2.7211711256435307,1.4181343,1.3733175,0.7014637,0.0018684613751247525,2.692373275756836,0,0.4294308933729877,0.24977244,0.2377696,0.14419289,0.0028429513331502676,0.514697253704071,1,0.08360890682777024,0.07873442,0.07826036,0.009969454,0.05820519104599953,0.09745141863822937,1,1.0018089501693692,1.0039469532403036,1.002631142108637,1.0036580941318987,1.0024630095582086,1.003298875174224,1.0038267956884597,0,500,0.34718320428982613,0.662,284.0346438884735
78,1.6924643882472492,1.4931167,1.4762769,0.11903831,1.2993535995483398,1.7301640510559082,1,0.4615399589309407,0.4214955,0.42032307,0.026134958,0.37173232436180115,0.47357112169265747,1,-0.8872201920644294,-0.57777894,-0.54166424,0.2552405,-1.0706379413604736,-0.1538989245891571,1,0.2292495402403162,0.23834753,0.23783219,0.013688096,0.21209202706813812,0.26555395126342773,1,2.289133344954694,1.1332122,1.1351553,0.61013657,0.00024252594448626041,2.159552812576294,0,0.2557863551370161,0.41487488,0.39287,0.23507434,0.020612983033061028,0.8452689051628113,1,0.13102028527468396,0.12119056,0.12010826,0.024612192,0.07491117715835571,0.17174100875854492,1,1.0084474731237163,1.0034313190133735,1.00765497243059,1.0025333470725681,1.011483234093459,1.000475872358318,1.00232591594932,0,500,0.6736310216420768,0.312,406.67789006233215
80,1.9192523470024914,1.8421592,1.8526151,0.18831979,1.4167612791061401,2.167393445968628,1,0.32525005659905665,0.30666634,0.31265855,0.046443574,0.1954510509967804,0.38355422019958496,1,-1.8402711650029149,-1.6808984,-1.7613815,0.6647171,-2.7048892974853516,-0.03269973397254944,1,0.3388728373674057,0.3453611,0.34151208,0.018314442,0.31644904613494873,0.3884928226470947,1,2.654290389829171,2.2570899,2.368013,0.71159464,0.3804383873939514,3.362461566925049,1,0.5363991287167182,0.6101816,0.58653456,0.3455129,0.029702918604016304,1.2157130241394043,1,0.04220693844092111,0.050695855,0.04924885,0.028670749,7.243930303957313e-05,0.10360598564147949,1,1.015724599136429,1.0168824064303923,1.0219092699500747,1.0134428337103327,1.0224610881032763,1.0089204851188813,1.0133183874046234,0,500,0.722454457714064,0.182,447.4266119003296
82,0.8514946632422807,0.90345293,0.8992884,0.07487096,0.766092836856842,1.04121994972229,1,0.6572604060546272,0.6146782,0.6151035,0.024716802,0.563771665096283,0.6605089902877808,1,-0.1684114830766008,0.11774774,0.08003706,0.3069385,-0.4405314326286316,0.7290790677070618,1,0.4601153377781996,0.45693126,0.45690727,0.0064143334,0.4437497854232788,0.4687172472476959,1,1.9918233408804613,2.1866596,2.2497177,1.0633873,0.12006054818630219,4.005268096923828,1,0.4661438137949983,0.3857728,0.39728463,0.16733678,0.06318584829568863,0.6792040467262268,1,0.11660271495554557,0.11557152,0.11537345,0.0112598045,0.0953570306301117,0.13983967900276184,1,1.0038610658902034,1.003328138201134,1.0027786444961282,1.002290489677461,1.004224721909748,1.0007200485187526,1.0009844806419679,0,500,0.6161799397105769,0.596,422.27576208114624
84,1.6327584146939058,1.6130171,1.6063519,0.0852114,1.448157548904419,1.7783634662628174,1,0.49917866211596607,0.6202438,0.6223999,0.04095388,0.5372191071510315,0.694922149181366,0,2.5906291499811394,1.7172812,1.6795907,0.2408717,1.2951786518096924,2.228795051574707,0,0.24360738239469426,0.25862825,0.2587533,0.019780692,0.22125039994716644,0.2966960370540619,1,1.0698815229258145,0.347974,0.30285254,0.25103647,7.032496796455234e-05,0.8153835535049438,0,0.6250515425807273,0.5259687,0.49078923,0.3124142,0.011865955777466297,1.0967400074005127,1,0.09498156864084896,0.101287566,0.10208462,0.032704316,0.03174939006567001,0.16002561151981354,1,1.0003261665891205,1.0059879723018614,1.0071911232958097,1.0058388902168496,1.0046023834759317,1.0030019006501443,1.0055297125025562,0,500,0.5925120109575932,0.962,360.48005771636963
86,2.175594402303662,2.212516,2.2036161,0.18867724,1.857541561126709,2.5994246006011963,1,0.442310040079306,0.39503956,0.3960765,0.034281366,0.32741764187812805,0.46207675337791443,1,-1.965690224780818,-2.0528297,-2.0432642,0.45319325,-2.953217029571533,-1.169198751449585,1,0.4884690945281355,0.5197998,0.519325,0.01591499,0.49106428027153015,0.55293869972229,0,2.5156125402626444,2.835083,2.822688,0.5149901,1.823267936706543,3.85209321975708,1,0.3664784115718774,0.81444097,0.77127606,0.45822784,0.0386185385286808,1.6381468772888184,1,0.1393166757801059,0.16521564,0.16542456,0.025277816,0.1150529757142067,0.21551786363124847,1,1.0035417104301736,1.0040403624308187,1.0054457509661379,1.000840253837459,1.0040879015397104,1.0022796126653082,1.0003682673675778,0,500,1.024332819825663,0.222,270.54659485816956
88,2.3930409350271096,2.5248935,2.508479,0.21709621,2.1161949634552,2.943020820617676,1,0.6907461175895507,0.6383736,0.63744307,0.034770463,0.572730302810669,0.7073418498039246,1,1.9710382120610133,2.5459871,2.5229356,0.480911,1.627620816230774,3.5033867359161377,1,0.47190617738665463,0.4609918,0.46030852,0.014454121,0.43389400839805603,0.48976776003837585,1,2.3966231142453265,2.8435376,2.8180048,0.4417401,2.045534133911133,3.7686076164245605,1,1.3825867489791859,0.9721895,0.9590299,0.5148026,0.06111692264676094,1.8636611700057983,1,0.04135983346079508,0.066358455,0.06517188,0.025327295,0.013381516560912132,0.11446134001016617,1,1.0048503940402944,1.003176031750549,1.0051654767611604,1.0021544124301813,1.005922458694107,1.0012281500318745,1.0006720965309677,0,500,0.9864645484955956,0.828,341.8914659023285
90,0.9878857775529246,1.0490361,1.04053,0.058347408,0.9465374946594238,1.1659412384033203,1,0.6535023343064938,0.6630808,0.6617211,0.021591632,0.621960461139679,0.705025851726532,1,-1.203949641797597,-1.3669081,-1.344753,0.22406521,-1.8091843128204346,-0.9692977666854858,1,0.493396192506215,0.48419482,0.4842589,0.007725138,0.46974602341651917,0.4994751214981079,1,1.227846791015947,1.1843932,1.1335866,0.6390279,0.0003011294757016003,2.3314526081085205,1,0.11673662819251544,0.25393596,0.23129684,0.15798582,0.0024349044542759657,0.5453394055366516,1,0.10580397732166483,0.09139177,0.09144117,0.01691723,0.05843496322631836,0.12331975251436234,1,1.0071044660849213,1.0060981006508092,1.007709854101213,1.0006192219509493,1.008061397387434,1.0017571510495473,1.0012047377475861,0,500,0.7108629868573509,0.384,312.59747409820557
92,1.1396204333490885,1.1734139,1.1648751,0.074033484,1.0395317077636719,1.321704387664795,1,0.3656018431690927,0.33308196,0.32901666,0.045590557,0.2534928023815155,0.43187981843948364,1,-2.734115088221602,-2.4071364,-2.33876,0.5392205,-3.5126469135284424,-1.5004963874816895,1,0.32885355444509656,0.3283334,0.32866204,0.00926706,0.3078120946884155,0.3453655242919922,1,1.2872391080732775,1.136217,1.1246746,0.45924813,0.20608264207839966,2.0427405834198,1,0.3996485835296127,0.34547636,0.32331324,0.20542054,0.0040356991812586784,0.7208069562911987,1,0.05145461421848911,0.05795896,0.057529204,0.012272662,0.03387514874339104,0.08349961787462234,1,1.0027177091486628,1.0012628001594601,1.0024518798190896,1.0014553778771969,1.0027971777749138,1.0022398787046034,1.0014982296999109,0,500,0.4900948969899549,0.054,345.1979100704193
94,1.448019029949984,1.5062898,1.5015016,0.07765858,1.3584305047988892,1.6582913398742676,1,0.47193262251809565,0.4827309,0.48251635,0.034707095,0.4183456599712372,0.5532788634300232,1,-1.61752158914888,-1.6759566,-1.6515505,0.21846367,-2.118710994720459,-1.2846200466156006,1,0.28069327804792127,0.2679542,0.26786333,0.023220658,0.22652855515480042,0.314741849899292,1,0.16462010129147964,0.48446828,0.47391784,0.2746573,0.0006884884205646813,0.9650774598121643,1,1.2085572713639607,0.5925952,0.5829085,0.30788553,0.020955078303813934,1.1143474578857422,0,0.12299821710143588,0.14304279,0.1453707,0.045972202,0.04544697701931,0.2274097204208374,1,1.0010201070648075,1.0007146308020425,1.003673424956435,1.000722277951459,1.003919044366151,1.0038306972960072,1.0026025432029275,0,500,0.6446679504194568,0.09,349.3666832447052
96,0.8407561592279476,0.8182042,0.8124295,0.049002927,0.7310611009597778,0.9162921905517578,1,0.43447702971423235,0.39333075,0.39299905,0.02295251,0.348201185464859,0.4382283687591553,1,0.2520552677077328,0.36443493,0.36391875,0.20532723,-0.017034174874424934,0.783250629901886,1,0.33474295015516764,0.33915764,0.3390415,0.007869029,0.3250488340854645,0.3542354106903076,1,2.1793825206890904,1.3903708,1.3162436,0.87724864,0.0020729186944663525,2.957270383834839,1,0.3662327626262182,0.21444044,0.19888994,0.12954499,0.004062521271407604,0.45845192670822144,1,0.11865445802321553,0.12440196,0.1249254,0.012944145,0.09942852705717087,0.14768898487091064,1,1.0009713116250498,1.0035783401838272,1.0022736045199823,1.0007181061639923,1.0005400365209145,1.0000507314092177,1.0008743020453108,0,500,0.48648711862111244,0.466,389.83435797691345
98,2.030962815196626,2.0167162,2.0142436,0.16504587,1.685978889465332,2.3440399169921875,1,0.508261185906223,0.5233656,0.52335835,0.020080946,0.4835275411605835,0.5622813701629639,1,0.3366103123154778,0.3939529,0.3831905,0.183696,0.05948535352945328,0.7719693779945374,1,0.40628192695494114,0.3807299,0.37930012,0.014730462,0.3536394238471985,0.41053181886672974,1,2.572186827148246,2.2905552,2.2994237,0.5021192,1.2697229385375977,3.2756221294403076,1,1.0301419672077363,0.7357665,0.7200366,0.41105366,0.02389117330312729,1.4398657083511353,1,0.0997749665188656,0.058913607,0.05304994,0.039603528,7.374458073172718e-05,0.13424226641654968,1,1.003416334536258,1.0034881031040814,1.0019356027923738,1.0029401190861467,1.0020432157430594,1.0025597582647303,1.0009908156233247,0,500,0.9861568750679365,0.574,402.75801706314087
